task_id,length_mi,vm,vm_type,iterations,start_s,finish_s,exec_s,cpu_s,expected_exec_s
0,127000,vm00,V3,1778000,0.0006,0.4094,0.3816,0.2911,0.2307
1,83000,vm01,V3,1162000,0.0018,0.2633,0.2437,0.2243,0.1508
2,63000,vm02,V3,882000,0.0027,0.1475,0.1421,0.1421,0.1144
3,63000,vm03,V3,882000,0.0031,0.2328,0.2271,0.1938,0.1144
4,65000,vm02,V3,910000,0.1476,0.2636,0.1141,0.1141,0.1181
5,15000,vm03,V3,210000,0.2328,0.2689,0.0314,0.0314,0.0272
6,91000,vm03,V3,1274000,0.2689,0.479,0.209,0.2008,0.1653
7,85000,vm01,V3,1190000,0.2634,0.439,0.1718,0.1718,0.1544
8,101000,vm00,V3,1414000,0.4094,0.629,0.2141,0.2141,0.1834
9,40000,vm02,V3,560000,0.2636,0.3581,0.0928,0.0928,0.0727
10,40000,vm01,V3,560000,0.4391,0.5492,0.1008,0.1008,0.0727
11,712500,vm02,V3,9975000,0.3581,1.8333,1.4736,1.4736,1.2941
12,59000,vm03,V3,826000,0.479,0.6192,0.1253,0.1253,0.1072
13,113000,vm01,V3,1582000,0.5492,0.7991,0.2408,0.2405,0.2052
14,87000,vm00,V3,1218000,0.629,0.8495,0.215,0.215,0.158
15,53000,vm03,V3,742000,0.6193,0.7393,0.1174,0.1174,0.0963
16,47000,vm03,V3,658000,0.7393,0.8511,0.1102,0.1101,0.0854
17,127000,vm00,V3,1778000,0.8495,1.1392,0.2862,0.2862,0.2307
18,45000,vm01,V3,630000,0.7991,0.9294,0.1225,0.1024,0.0817
19,27500,vm03,V3,385000,0.8511,0.9392,0.0786,0.0722,0.0499
