task_id,length_mi,vm,vm_type,datacenter,host,start_s,finish_s
0,83000,0,V3,1,0,0.1000,525.6354
1,95000,1,V3,1,1,0.1000,805.9028
2,91000,2,V3,1,2,0.1000,724.2754
3,81000,3,V3,1,0,0.1000,547.8543
4,27500,4,V2,1,1,0.1000,551.7043
5,49000,3,V3,1,0,0.1000,333.5400
6,103000,0,V3,1,0,0.1000,650.4516
7,95000,2,V3,1,2,0.1000,755.5436
8,47000,1,V3,1,1,0.1000,402.0180
9,71000,3,V3,1,0,0.1000,481.2535
10,55000,5,V2,1,2,0.1000,1089.7207
11,40000,6,V2,1,1,0.1000,775.9230
12,111000,1,V3,1,1,0.1000,939.4040
13,125000,0,V3,1,0,0.1000,784.5430
14,99000,2,V3,1,2,0.1000,786.7430
15,712500,3,V3,1,0,0.1000,4274.3705
16,87000,7,V2,1,2,0.1000,1750.5330
17,123000,1,V3,1,1,0.1000,1038.7278
18,107000,8,V2,2,0,0.1000,2153.7843
19,81000,9,V2,2,1,0.1000,1599.2973
20,51000,10,V2,2,2,0.1000,968.4180
21,59000,11,V2,2,0,0.1000,1109.0560
22,150000,2,V3,1,2,0.1000,1174.4140
23,113000,0,V3,1,0,0.1000,711.7225
24,55000,4,V2,1,1,0.1000,1101.4907
25,91000,6,V2,1,1,0.1000,1800.6930
26,135000,1,V3,1,1,0.1000,1138.0708
27,83000,10,V2,2,2,0.1000,1553.2073
28,59000,5,V2,1,2,0.1000,1173.2040
29,525000,0,V3,1,0,0.1000,3027.2091
30,40000,11,V2,2,0,0.1000,757.2047
31,95000,2,V3,1,2,0.1000,755.5436
32,129000,1,V3,1,1,0.1000,1476.4470
33,27500,12,V1,2,1,0.1000,953.0180
34,89000,9,V2,2,1,0.1000,1753.2973
35,337500,2,V3,1,2,0.1000,3146.3191
36,129000,4,V2,1,1,0.1000,2564.7700
37,129000,7,V2,1,2,0.1000,2584.5700
38,712500,1,V3,1,1,0.1000,5993.4805
39,55000,11,V2,2,0,0.1000,1036.1250
40,81000,8,V2,2,0,0.1000,1647.8073
41,47000,13,V1,2,2,0.1000,1532.7473
42,77000,5,V2,1,2,0.1000,1545.0870
43,75000,6,V2,1,1,0.1000,1473.4020
44,83000,10,V2,2,2,0.1000,1553.2073
45,51000,14,V1,2,1,0.1000,1615.0273
46,61000,15,V1,2,2,0.1000,2206.5843
47,89000,11,V2,2,0,0.1000,1656.0573
48,127000,9,V2,2,1,0.1000,2449.6843
49,87000,16,V1,2,0,0.1000,2663.7443
50,77000,17,V1,2,1,0.1000,2276.6543
51,40000,18,V1,2,2,0.1000,1134.7960
52,89000,19,V1,2,0,0.1000,2828.5243
53,89000,8,V2,2,0,0.1000,1823.8073
54,129000,2,V3,1,2,0.1000,1730.7330
55,47000,12,V1,2,1,0.1000,1645.4973
56,127000,3,V3,1,0,0.1000,851.1050
57,119000,5,V2,1,2,0.1000,2312.8390
58,150000,0,V3,1,0,0.1000,1429.2920
59,129000,6,V2,1,1,0.1000,2492.6100
60,40000,18,V1,2,2,0.1000,1134.7960
61,97000,4,V2,1,1,0.1000,1976.5830
62,61000,7,V2,1,2,0.1000,1217.2707
63,45000,10,V2,2,2,0.1000,857.6267
64,73000,11,V2,2,0,0.1000,1362.6873
65,45000,13,V1,2,2,0.1000,1459.3773
66,97000,2,V3,1,2,0.1000,1495.6970
67,712500,3,V3,1,0,0.1000,4535.4805
68,15000,14,V1,2,1,0.1000,455.7100
69,129000,2,V3,1,2,0.1000,1759.9930
70,115000,0,V3,1,0,0.1000,1340.8030
71,109000,10,V2,2,2,0.1000,2029.5943
72,111000,7,V2,1,2,0.1000,2254.2090
73,67000,8,V2,2,0,0.1000,1339.8073
74,49000,15,V1,2,2,0.1000,1767.5973
75,83000,9,V2,2,1,0.1000,1643.2973
76,65000,4,V2,1,1,0.1000,1309.6930
77,125000,0,V3,1,0,0.1000,1458.2220
78,85000,2,V3,1,2,0.1000,1811.3630
79,73000,5,V2,1,2,0.1000,1457.5620
80,113000,2,V3,1,2,0.1000,2318.9490
81,93000,11,V2,2,0,0.1000,2462.2243
82,95000,6,V2,1,1,0.1000,1874.0630
83,117000,0,V3,1,0,0.1000,1481.2870
84,81000,8,V2,2,0,0.1000,1647.8073
85,99000,1,V3,1,1,0.1000,1755.7030
86,89000,2,V3,1,2,0.1000,2375.6800
87,65000,14,V1,2,1,0.1000,1999.8943
88,101000,1,V3,1,1,0.1000,1865.7030
89,79000,10,V2,2,2,0.1000,2304.5943
90,900000,0,V3,1,0,0.1000,5814.4805
91,99000,4,V2,1,1,0.1000,2518.9000
92,115000,2,V3,1,2,0.1000,2581.8200
93,150000,1,V3,1,1,0.1000,2342.9490
94,83000,9,V2,2,1,0.1000,1643.2973
95,40000,12,V1,2,1,0.1000,1388.8673
96,89000,5,V2,1,2,0.1000,2765.6800
97,123000,7,V2,1,2,0.1000,2474.5700
98,109000,11,V2,2,0,0.1000,3006.6343
99,71000,17,V1,2,1,0.1000,2111.6543
100,105000,2,V3,1,2,0.1000,2561.2500
101,117000,8,V2,2,0,0.1000,3526.6343
102,89000,18,V1,2,2,0.1000,2469.9243
103,109000,6,V2,1,1,0.1000,2847.6800
104,55000,16,V1,2,0,0.1000,1783.8773
105,77000,19,V1,2,0,0.1000,2498.5243
106,83000,13,V1,2,2,0.1000,2703.8943
107,109000,1,V3,1,1,0.1000,2342.9490
108,129000,2,V3,1,2,0.1000,3182.3191
109,111000,3,V3,1,0,0.1000,1204.5107
110,55000,15,V1,2,2,0.1000,1986.5843
111,93000,10,V2,2,2,0.1000,2671.3343
112,63000,9,V2,2,1,0.1000,2761.3143
113,115000,1,V3,1,1,0.1000,2653.6800
114,53000,12,V1,2,1,0.1000,1865.4973
115,111000,5,V2,1,2,0.1000,3208.3191
116,61000,4,V2,1,1,0.1000,2326.9490
117,63000,7,V2,1,2,0.1000,2492.9400
118,65000,2,V3,1,2,0.1000,2814.6800
119,87000,3,V3,1,0,0.1000,1114.6007
120,121000,2,V3,1,2,0.1000,3352.3191
121,75000,11,V2,2,0,0.1000,2480.5943
122,129000,1,V3,1,1,0.1000,2861.6800
123,121000,3,V3,1,0,0.1000,1622.1970
124,65000,14,V1,2,1,0.1000,1999.8943
125,119000,9,V2,2,1,0.1000,3719.6343
126,55000,4,V2,1,1,0.1000,2399.7700
127,40000,16,V1,2,0,0.1000,1245.9500
128,117000,2,V3,1,2,0.1000,3346.3191
129,103000,6,V2,1,1,0.1000,3338.3191
130,47000,17,V1,2,1,0.1000,1451.7873
131,79000,8,V2,2,0,0.1000,3113.6343
132,95000,10,V2,2,2,0.1000,3238.6343
133,117000,1,V3,1,1,0.1000,3222.3191
134,71000,3,V3,1,0,0.1000,1567.1970
135,123000,3,V3,1,0,0.1000,1969.4330
136,75000,7,V2,1,2,0.1000,3164.3191
137,71000,5,V2,1,2,0.1000,2765.6800
138,150000,2,V3,1,2,0.1000,3762.3191
139,85000,4,V2,1,1,0.1000,3483.3191
140,45000,15,V1,2,2,0.1000,1620.8573
141,47000,19,V1,2,0,0.1000,1492.2673
142,525000,1,V3,1,1,0.1000,6009.4805
143,47000,11,V2,2,0,0.1000,2223.9643
144,121000,3,V3,1,0,0.1000,2301.3990
145,65000,8,V2,2,0,0.1000,2868.6343
146,81000,2,V3,1,2,0.1000,3650.3191
147,67000,12,V1,2,1,0.1000,2377.3043
148,55000,18,V1,2,2,0.1000,1535.8273
149,53000,13,V1,2,2,0.1000,1752.7473
150,51000,10,V2,2,2,0.1000,2487.9643
151,127000,0,V3,1,0,0.1000,2149.9290
152,125000,3,V3,1,0,0.1000,2378.8700
153,87000,11,V2,2,0,0.1000,3197.6343
154,109000,2,V3,1,2,0.1000,3851.3191
155,900000,0,V3,1,0,0.1000,5902.4805
156,45000,16,V1,2,0,0.1000,1417.1373
157,525000,2,V3,1,2,0.1000,6246.4805
158,113000,6,V2,1,1,0.1000,3763.3191
159,61000,9,V2,2,1,0.1000,2761.3143
160,45000,7,V2,1,2,0.1000,3060.3191
161,75000,5,V2,1,2,0.1000,2903.6800
162,117000,3,V3,1,0,0.1000,2661.6800
163,113000,4,V2,1,1,0.1000,4262.8205
164,45000,17,V1,2,1,0.1000,1378.5273
165,93000,8,V2,2,0,0.1000,3493.6343
166,712500,3,V3,1,0,0.1000,6083.4805
167,45000,14,V1,2,1,0.1000,1395.0273
168,115000,10,V2,2,2,0.1000,3969.6343
169,99000,7,V2,1,2,0.1000,4161.3191
170,119000,9,V2,2,1,0.1000,3816.6343
171,105000,11,V2,2,0,0.1000,3949.6343
172,40000,15,V1,2,2,0.1000,1437.5973
173,87000,5,V2,1,2,0.1000,3798.3191
174,89000,1,V3,1,1,0.1000,3308.3191
175,59000,6,V2,1,1,0.1000,2934.6800
176,125000,1,V3,1,1,0.1000,3766.3191
177,113000,8,V2,2,0,0.1000,4116.6343
178,125000,1,V3,1,1,0.1000,4111.3191
179,99000,4,V2,1,1,0.1000,4098.3191
180,67000,19,V1,2,0,0.1000,2223.5243
181,87000,7,V2,1,2,0.1000,3981.3191
182,105000,10,V2,2,2,0.1000,4046.6343
183,71000,6,V2,1,1,0.1000,3699.3191
184,99000,5,V2,1,2,0.1000,4399.4805
185,107000,9,V2,2,1,0.1000,4221.6343
186,27500,18,V1,2,2,0.1000,794.9520
187,103000,11,V2,2,0,0.1000,4110.6343
188,111000,2,V3,1,2,0.1000,4019.3191
189,111000,1,V3,1,1,0.1000,4097.3191
190,81000,16,V1,2,0,0.1000,2498.7443
191,111000,2,V3,1,2,0.1000,4297.4805
192,121000,1,V3,1,1,0.1000,4601.4805
193,150000,2,V3,1,2,0.1000,4620.4805
194,125000,7,V2,1,2,0.1000,4682.4805
195,115000,6,V2,1,1,0.1000,4709.4805
196,67000,13,V1,2,2,0.1000,2263.8943
197,65000,12,V1,2,1,0.1000,3206.6343
198,113000,4,V2,1,1,0.1000,4429.4805
199,119000,8,V2,2,0,0.1000,4835.6343
200,712500,1,V3,1,1,0.1000,8552.4805
201,73000,17,V1,2,1,0.1000,2166.6543
202,83000,14,V1,2,1,0.1000,2900.6343
203,63000,15,V1,2,2,0.1000,3557.6343
204,103000,10,V2,2,2,0.1000,4165.6343
205,51000,18,V1,2,2,0.1000,2181.1743
206,900000,3,V3,1,0,0.1000,6981.4805
207,105000,5,V2,1,2,0.1000,4493.4805
208,123000,0,V3,1,0,0.1000,2177.4290
209,119000,9,V2,2,1,0.1000,4661.6343
210,47000,19,V1,2,0,0.1000,1492.2673
211,83000,11,V2,2,0,0.1000,3827.6343
212,525000,2,V3,1,2,0.1000,6652.4805
213,81000,0,V3,1,0,0.1000,2594.6800
214,85000,4,V2,1,1,0.1000,4016.3191
215,109000,0,V3,1,0,0.1000,2766.6800
216,712500,0,V3,1,0,0.1000,5969.4805
217,97000,6,V2,1,1,0.1000,4510.4805
218,45000,13,V1,2,2,0.1000,2893.6343
219,101000,7,V2,1,2,0.1000,4729.4805
220,40000,12,V1,2,1,0.1000,2849.6343
221,103000,8,V2,2,0,0.1000,4804.6343
222,89000,10,V2,2,2,0.1000,4106.6343
223,135000,11,V2,2,0,0.1000,5000.6343
224,93000,5,V2,1,2,0.1000,4431.4805
225,75000,9,V2,2,1,0.1000,3991.6343
226,95000,4,V2,1,1,0.1000,5007.4805
227,89000,18,V1,2,2,0.1000,3331.6343
228,81000,16,V1,2,0,0.1000,3508.6343
229,15000,15,V1,2,2,0.1000,2169.8443
230,525000,2,V3,1,2,0.1000,6787.4805
231,93000,6,V2,1,1,0.1000,4815.4805
232,125000,10,V2,2,2,0.1000,5122.6343
233,900000,1,V3,1,1,0.1000,9565.4805
234,103000,7,V2,1,2,0.1000,4853.4805
235,83000,17,V1,2,1,0.1000,3517.6343
236,89000,5,V2,1,2,0.1000,4645.4805
237,77000,8,V2,2,0,0.1000,4743.6343
238,77000,14,V1,2,1,0.1000,3460.6343
239,71000,19,V1,2,0,0.1000,3549.6343
240,45000,15,V1,2,2,0.1000,3300.6343
241,103000,9,V2,2,1,0.1000,5276.6343
242,49000,12,V1,2,1,0.1000,3301.6343
243,45000,13,V1,2,2,0.1000,2943.6343
244,75000,11,V2,2,0,0.1000,4329.6343
245,115000,4,V2,1,1,0.1000,5780.4805
246,93000,6,V2,1,1,0.1000,5135.4805
247,121000,3,V3,1,0,0.1000,3343.3191
248,65000,8,V2,2,0,0.1000,4584.6343
249,65000,5,V2,1,2,0.1000,4821.4805
250,95000,7,V2,1,2,0.1000,5474.4805
251,127000,3,V3,1,0,0.1000,4045.3191
252,93000,10,V2,2,2,0.1000,5320.6343
253,99000,11,V2,2,0,0.1000,5226.6343
254,93000,9,V2,2,1,0.1000,5219.6343
255,119000,0,V3,1,0,0.1000,3368.3191
256,49000,15,V1,2,2,0.1000,3584.6343
257,121000,2,V3,1,2,0.1000,4971.4805
258,105000,8,V2,2,0,0.1000,5717.6343
259,105000,5,V2,1,2,0.1000,5929.4805
260,71000,6,V2,1,1,0.1000,4874.4805
261,65000,13,V1,2,2,0.1000,3578.6343
262,525000,3,V3,1,0,0.1000,6642.4805
263,93000,0,V3,1,0,0.1000,3490.3191
264,150000,2,V3,1,2,0.1000,5439.4805
265,59000,12,V1,2,1,0.1000,3722.6343
266,87000,4,V2,1,1,0.1000,5446.4805
267,67000,16,V1,2,0,0.1000,3301.6343
268,91000,7,V2,1,2,0.1000,5577.4805
269,55000,18,V1,2,2,0.1000,2601.9243
270,49000,17,V1,2,1,0.1000,2799.1543
271,113000,0,V3,1,0,0.1000,3914.3191
272,125000,10,V2,2,2,0.1000,5808.6343
273,79000,9,V2,2,1,0.1000,5176.6343
274,97000,11,V2,2,0,0.1000,5306.6343
275,83000,6,V2,1,1,0.1000,5714.4805
276,83000,2,V3,1,2,0.1000,5420.4805
277,900000,0,V3,1,0,0.1000,7407.4805
278,65000,19,V1,2,0,0.1000,3403.6343
279,65000,14,V1,2,1,0.1000,3327.6343
280,135000,2,V3,1,2,0.1000,6120.4805
281,95000,8,V2,2,0,0.1000,5988.6343
282,97000,5,V2,1,2,0.1000,5847.4805
283,127000,1,V3,1,1,0.1000,5454.4805
284,95000,4,V2,1,1,0.1000,5710.4805
285,85000,7,V2,1,2,0.1000,5954.4805
286,109000,9,V2,2,1,0.1000,5796.6343
287,95000,2,V3,1,2,0.1000,5934.4805
288,65000,15,V1,2,2,0.1000,4120.6343
289,51000,11,V2,2,0,0.1000,4835.6343
290,99000,1,V3,1,1,0.1000,6107.4805
291,111000,3,V3,1,0,0.1000,4858.4805
292,73000,6,V2,1,1,0.1000,5754.4805
293,121000,2,V3,1,2,0.1000,6537.4805
294,87000,10,V2,2,2,0.1000,5360.6343
295,73000,8,V2,2,0,0.1000,5819.6343
296,105000,1,V3,1,1,0.1000,6658.4805
297,85000,5,V2,1,2,0.1000,5735.4805
298,101000,3,V3,1,0,0.1000,5057.4805
299,127000,2,V3,1,2,0.1000,6740.4805
300,85000,11,V2,2,0,0.1000,5486.6343
301,27500,17,V1,2,1,0.1000,2862.6343
302,81000,4,V2,1,1,0.1000,5659.4805
303,115000,7,V2,1,2,0.1000,6418.4805
304,91000,1,V3,1,1,0.1000,6587.4805
305,103000,3,V3,1,0,0.1000,5377.4805
306,900000,2,V3,1,2,0.1000,10084.4805
307,123000,1,V3,1,1,0.1000,6878.4805
308,103000,6,V2,1,1,0.1000,6247.4805
309,73000,18,V1,2,2,0.1000,3311.6343
310,45000,12,V1,2,1,0.1000,3722.6343
311,65000,13,V1,2,2,0.1000,3903.6343
312,127000,3,V3,1,0,0.1000,5686.4805
313,123000,9,V2,2,1,0.1000,6366.6343
314,89000,8,V2,2,0,0.1000,6097.6343
315,85000,10,V2,2,2,0.1000,5387.6343
316,63000,16,V1,2,0,0.1000,3441.6343
317,105000,5,V2,1,2,0.1000,6143.4805
318,119000,1,V3,1,1,0.1000,7310.4805
319,85000,4,V2,1,1,0.1000,6233.4805
320,53000,19,V1,2,0,0.1000,3593.6343
321,99000,11,V2,2,0,0.1000,6102.6343
322,115000,3,V3,1,0,0.1000,5936.4805
323,105000,1,V3,1,1,0.1000,7295.4805
324,150000,3,V3,1,0,0.1000,6391.4805
325,105000,7,V2,1,2,0.1000,6391.4805
326,150000,0,V3,1,0,0.1000,4622.4805
327,150000,1,V3,1,1,0.1000,7765.4805
328,123000,6,V2,1,1,0.1000,6563.4805
329,77000,14,V1,2,1,0.1000,3886.6343
330,900000,3,V3,1,0,0.1000,9374.4805
331,71000,17,V1,2,1,0.1000,3848.6343
332,150000,10,V2,2,2,0.1000,7044.6343
333,51000,15,V1,2,2,0.1000,3795.6343
334,65000,12,V1,2,1,0.1000,4505.6343
335,95000,8,V2,2,0,0.1000,6205.6343
336,115000,9,V2,2,1,0.1000,6709.6343
337,99000,4,V2,1,1,0.1000,6806.4805
338,121000,0,V3,1,0,0.1000,5180.4805
339,95000,5,V2,1,2,0.1000,6169.4805
340,135000,1,V3,1,1,0.1000,8075.4805
341,49000,13,V1,2,2,0.1000,3903.6343
342,40000,19,V1,2,0,0.1000,3525.6343
343,129000,11,V2,2,0,0.1000,6607.6343
344,85000,7,V2,1,2,0.1000,6672.4805
345,712500,0,V3,1,0,0.1000,8016.4805
346,85000,8,V2,2,0,0.1000,6862.6343
347,27500,16,V1,2,0,0.1000,3216.6343
348,712500,1,V3,1,1,0.1000,10986.4805
349,59000,18,V1,2,2,0.1000,3495.6343
350,121000,6,V2,1,1,0.1000,6768.4805
351,61000,15,V1,2,2,0.1000,4835.6343
352,91000,4,V2,1,1,0.1000,6892.4805
353,61000,9,V2,2,1,0.1000,6050.6343
354,81000,5,V2,1,2,0.1000,6798.4805
355,712500,2,V3,1,2,0.1000,9587.4805
356,117000,10,V2,2,2,0.1000,6821.6343
357,129000,7,V2,1,2,0.1000,7343.4805
358,109000,11,V2,2,0,0.1000,6572.6343
359,40000,14,V1,2,1,0.1000,3071.6343
360,121000,8,V2,2,0,0.1000,7405.6343
361,101000,9,V2,2,1,0.1000,6623.6343
362,525000,0,V3,1,0,0.1000,7857.4805
363,125000,4,V2,1,1,0.1000,7369.4805
364,59000,17,V1,2,1,0.1000,3688.6343
365,40000,16,V1,2,0,0.1000,3635.6343
366,99000,5,V2,1,2,0.1000,7117.4805
367,40000,19,V1,2,0,0.1000,3785.6343
368,59000,12,V1,2,1,0.1000,4643.6343
369,99000,6,V2,1,1,0.1000,7004.4805
370,525000,3,V3,1,0,0.1000,8249.4805
371,49000,13,V1,2,2,0.1000,4052.6343
372,337500,1,V3,1,1,0.1000,9610.4805
373,73000,18,V1,2,2,0.1000,3940.6343
374,45000,14,V1,2,1,0.1000,3906.6343
375,85000,10,V2,2,2,0.1000,6462.6343
376,150000,11,V2,2,0,0.1000,7095.6343
377,127000,9,V2,2,1,0.1000,7387.6343
378,135000,7,V2,1,2,0.1000,7737.4805
379,111000,8,V2,2,0,0.1000,7430.6343
380,79000,16,V1,2,0,0.1000,4765.6343
381,105000,5,V2,1,2,0.1000,7258.4805
382,117000,6,V2,1,1,0.1000,7254.4805
383,113000,4,V2,1,1,0.1000,7282.4805
384,113000,10,V2,2,2,0.1000,6832.6343
385,75000,19,V1,2,0,0.1000,4933.6343
386,91000,15,V1,2,2,0.1000,5627.6343
387,117000,2,V3,1,2,0.1000,7185.4805
388,95000,17,V1,2,1,0.1000,4723.6343
389,99000,1,V3,1,1,0.1000,8630.4805
390,111000,2,V3,1,2,0.1000,7240.4805
391,121000,8,V2,2,0,0.1000,7641.6343
392,115000,9,V2,2,1,0.1000,7467.6343
393,79000,13,V1,2,2,0.1000,4692.6343
394,109000,5,V2,1,2,0.1000,7486.4805
395,47000,12,V1,2,1,0.1000,4460.6343
396,135000,1,V3,1,1,0.1000,9281.4805
397,47000,14,V1,2,1,0.1000,4079.6343
398,89000,11,V2,2,0,0.1000,6574.6343
399,81000,7,V2,1,2,0.1000,7459.4805
400,95000,4,V2,1,1,0.1000,7466.4805
401,89000,6,V2,1,1,0.1000,7356.4805
402,525000,2,V3,1,2,0.1000,9035.4805
403,117000,0,V3,1,0,0.1000,6395.4805
404,93000,3,V3,1,0,0.1000,6807.4805
405,119000,10,V2,2,2,0.1000,7271.6343
406,85000,1,V3,1,1,0.1000,9090.4805
407,121000,3,V3,1,0,0.1000,7163.4805
408,81000,18,V1,2,2,0.1000,4182.6343
409,87000,0,V3,1,0,0.1000,6335.4805
410,85000,7,V2,1,2,0.1000,7532.4805
411,135000,1,V3,1,1,0.1000,9789.4805
412,135000,0,V3,1,0,0.1000,6874.4805
413,129000,3,V3,1,0,0.1000,7349.4805
414,67000,12,V1,2,1,0.1000,5193.6343
415,27500,16,V1,2,0,0.1000,3885.6343
416,59000,19,V1,2,0,0.1000,4725.6343
417,40000,14,V1,2,1,0.1000,4152.6343
418,83000,11,V2,2,0,0.1000,7062.6343
419,71000,5,V2,1,2,0.1000,7069.4805
420,75000,8,V2,2,0,0.1000,7184.6343
421,125000,1,V3,1,1,0.1000,9916.4805
422,53000,9,V2,2,1,0.1000,7023.6343
423,47000,6,V2,1,1,0.1000,7148.4805
424,79000,4,V2,1,1,0.1000,7784.4805
425,83000,0,V3,1,0,0.1000,6727.4805
426,83000,3,V3,1,0,0.1000,7327.4805
427,53000,15,V1,2,2,0.1000,4879.6343
428,99000,0,V3,1,0,0.1000,7108.4805
429,127000,1,V3,1,1,0.1000,10188.4805
430,109000,3,V3,1,0,0.1000,7598.4805
431,83000,10,V2,2,2,0.1000,7438.6343
432,89000,9,V2,2,1,0.1000,7667.6343
433,77000,6,V2,1,1,0.1000,7667.4805
434,123000,2,V3,1,2,0.1000,7717.4805
435,712500,0,V3,1,0,0.1000,9178.4805
436,89000,7,V2,1,2,0.1000,7808.4805
437,121000,5,V2,1,2,0.1000,8185.4805
438,61000,13,V1,2,2,0.1000,4847.6343
439,337500,3,V3,1,0,0.1000,8588.4805
440,27500,16,V1,2,0,0.1000,4001.6343
441,712500,1,V3,1,1,0.1000,12446.4805
442,117000,11,V2,2,0,0.1000,7811.6343
443,87000,8,V2,2,0,0.1000,7913.6343
444,712500,2,V3,1,2,0.1000,10176.4805
445,712500,3,V3,1,0,0.1000,9739.4805
446,150000,4,V2,1,1,0.1000,8619.4805
447,121000,10,V2,2,2,0.1000,8146.6343
448,67000,17,V1,2,1,0.1000,4262.6343
449,93000,6,V2,1,1,0.1000,8045.4805
450,107000,9,V2,2,1,0.1000,7930.6343
451,121000,7,V2,1,2,0.1000,8745.4805
452,115000,8,V2,2,0,0.1000,8471.6343
453,109000,11,V2,2,0,0.1000,7738.6343
454,900000,0,V3,1,0,0.1000,9765.4805
455,101000,5,V2,1,2,0.1000,8205.4805
456,79000,14,V1,2,1,0.1000,4908.6343
457,101000,16,V1,2,0,0.1000,5314.6343
458,91000,19,V1,2,0,0.1000,5289.6343
459,15000,12,V1,2,1,0.1000,4088.6343
460,97000,6,V2,1,1,0.1000,8210.4805
461,67000,18,V1,2,2,0.1000,4463.6343
462,59000,15,V1,2,2,0.1000,5178.6343
463,53000,12,V1,2,1,0.1000,5213.6343
464,67000,13,V1,2,2,0.1000,5198.6343
465,55000,4,V2,1,1,0.1000,7931.4805
466,63000,9,V2,2,1,0.1000,7743.6343
467,81000,10,V2,2,2,0.1000,7739.6343
468,117000,7,V2,1,2,0.1000,8799.4805
469,61000,17,V1,2,1,0.1000,4689.6343
470,40000,8,V2,2,0,0.1000,7869.6343
471,111000,5,V2,1,2,0.1000,8345.4805
472,101000,11,V2,2,0,0.1000,7689.6343
473,113000,1,V3,1,1,0.1000,10332.4805
474,67000,4,V2,1,1,0.1000,8142.4805
475,900000,2,V3,1,2,0.1000,11111.4805
476,65000,9,V2,2,1,0.1000,8080.6343
477,55000,8,V2,2,0,0.1000,8054.6343
478,87000,6,V2,1,1,0.1000,8200.4805
479,107000,1,V3,1,1,0.1000,10424.4805
480,121000,10,V2,2,2,0.1000,8333.6343
481,65000,14,V1,2,1,0.1000,4999.6343
482,65000,4,V2,1,1,0.1000,8207.4805
483,101000,1,V3,1,1,0.1000,10652.4805
484,119000,8,V2,2,0,0.1000,8886.6343
485,59000,12,V1,2,1,0.1000,5596.6343
486,99000,9,V2,2,1,0.1000,8478.6343
487,51000,18,V1,2,2,0.1000,4246.6343
488,81000,7,V2,1,2,0.1000,8467.4805
489,119000,1,V3,1,1,0.1000,10865.4805
490,15000,15,V1,2,2,0.1000,4486.6343
491,125000,3,V3,1,0,0.1000,8074.4805
492,59000,11,V2,2,0,0.1000,7678.6343
493,77000,5,V2,1,2,0.1000,8119.4805
494,83000,6,V2,1,1,0.1000,8249.4805
495,79000,4,V2,1,1,0.1000,8634.4805
496,95000,1,V3,1,1,0.1000,10848.4805
497,53000,15,V1,2,2,0.1000,5610.6343
498,77000,3,V3,1,0,0.1000,8357.4805
499,79000,11,V2,2,0,0.1000,7893.6343
500,93000,10,V2,2,2,0.1000,8256.6343
501,87000,3,V3,1,0,0.1000,8558.4805
502,67000,13,V1,2,2,0.1000,5198.6343
503,95000,1,V3,1,1,0.1000,11060.4805
504,67000,19,V1,2,0,0.1000,4933.6343
505,117000,7,V2,1,2,0.1000,9028.4805
506,85000,9,V2,2,1,0.1000,8516.6343
507,525000,3,V3,1,0,0.1000,9929.4805
508,111000,5,V2,1,2,0.1000,8656.4805
509,79000,16,V1,2,0,0.1000,5071.6343
510,91000,8,V2,2,0,0.1000,8810.6343
511,73000,17,V1,2,1,0.1000,5002.6343
512,47000,18,V1,2,2,0.1000,4315.6343
513,95000,1,V3,1,1,0.1000,11238.4805
514,65000,6,V2,1,1,0.1000,8342.4805
515,91000,4,V2,1,1,0.1000,8876.4805
516,65000,11,V2,2,0,0.1000,8258.6343
517,49000,12,V1,2,1,0.1000,5468.6343
518,91000,1,V3,1,1,0.1000,11237.4805
519,103000,1,V3,1,1,0.1000,11393.4805
520,113000,10,V2,2,2,0.1000,8579.6343
521,109000,0,V3,1,0,0.1000,7801.4805
522,40000,14,V1,2,1,0.1000,4618.6343
523,99000,6,V2,1,1,0.1000,8952.4805
524,101000,9,V2,2,1,0.1000,8724.6343
525,121000,1,V3,1,1,0.1000,11526.4805
526,109000,8,V2,2,0,0.1000,9013.6343
527,119000,2,V3,1,2,0.1000,9525.4805
528,111000,0,V3,1,0,0.1000,8174.4805
529,67000,5,V2,1,2,0.1000,8774.4805
530,900000,1,V3,1,1,0.1000,13781.4805
531,85000,7,V2,1,2,0.1000,8767.4805
532,119000,11,V2,2,0,0.1000,8711.6343
533,105000,4,V2,1,1,0.1000,9185.4805
534,27500,15,V1,2,2,0.1000,5408.6343
535,75000,0,V3,1,0,0.1000,8110.4805
536,115000,2,V3,1,2,0.1000,9976.4805
537,65000,13,V1,2,2,0.1000,5274.6343
538,55000,19,V1,2,0,0.1000,4879.6343
539,101000,3,V3,1,0,0.1000,8893.4805
540,125000,0,V3,1,0,0.1000,8412.4805
541,121000,2,V3,1,2,0.1000,10058.4805
542,119000,5,V2,1,2,0.1000,9277.4805
543,63000,6,V2,1,1,0.1000,8775.4805
544,65000,10,V2,2,2,0.1000,8399.6343
545,115000,3,V3,1,0,0.1000,8966.4805
546,45000,15,V1,2,2,0.1000,5762.6343
547,113000,9,V2,2,1,0.1000,8981.6343
548,65000,18,V1,2,2,0.1000,4881.6343
549,900000,0,V3,1,0,0.1000,10246.4805
550,77000,7,V2,1,2,0.1000,9257.4805
551,79000,8,V2,2,0,0.1000,8860.6343
552,123000,2,V3,1,2,0.1000,10417.4805
553,53000,17,V1,2,1,0.1000,4821.6343
554,125000,3,V3,1,0,0.1000,9284.4805
555,55000,14,V1,2,1,0.1000,4999.6343
556,111000,4,V2,1,1,0.1000,9293.4805
557,55000,16,V1,2,0,0.1000,4885.6343
558,107000,11,V2,2,0,0.1000,8657.6343
559,65000,12,V1,2,1,0.1000,5816.6343
560,125000,2,V3,1,2,0.1000,10495.4805
561,65000,6,V2,1,1,0.1000,8801.4805
562,61000,10,V2,2,2,0.1000,8710.6343
563,40000,7,V2,1,2,0.1000,9145.4805
564,125000,3,V3,1,0,0.1000,9352.4805
565,63000,8,V2,2,0,0.1000,9075.6343
566,51000,5,V2,1,2,0.1000,8703.4805
567,89000,9,V2,2,1,0.1000,8906.6343
568,83000,2,V3,1,2,0.1000,10378.4805
569,117000,3,V3,1,0,0.1000,9618.4805
570,27500,15,V1,2,2,0.1000,5706.6343
571,129000,2,V3,1,2,0.1000,10612.4805
572,113000,6,V2,1,1,0.1000,9217.4805
573,61000,10,V2,2,2,0.1000,8802.6343
574,150000,3,V3,1,0,0.1000,9764.4805
575,71000,7,V2,1,2,0.1000,9447.4805
576,93000,4,V2,1,1,0.1000,9480.4805
577,65000,19,V1,2,0,0.1000,5747.6343
578,525000,2,V3,1,2,0.1000,11772.4805
579,117000,11,V2,2,0,0.1000,8790.6343
580,95000,5,V2,1,2,0.1000,9210.4805
581,105000,8,V2,2,0,0.1000,9699.6343
582,59000,17,V1,2,1,0.1000,5221.6343
583,97000,10,V2,2,2,0.1000,9153.6343
584,111000,3,V3,1,0,0.1000,9683.4805
585,93000,7,V2,1,2,0.1000,9661.4805
586,150000,1,V3,1,1,0.1000,11791.4805
587,15000,13,V1,2,2,0.1000,4974.6343
588,59000,14,V1,2,1,0.1000,5105.6343
589,79000,9,V2,2,1,0.1000,9157.6343
590,89000,16,V1,2,0,0.1000,5490.6343
591,525000,3,V3,1,0,0.1000,10702.4805
592,83000,6,V2,1,1,0.1000,9063.4805
593,91000,4,V2,1,1,0.1000,9476.4805
594,83000,18,V1,2,2,0.1000,5224.6343
595,49000,13,V1,2,2,0.1000,5613.6343
596,87000,5,V2,1,2,0.1000,9405.4805
597,27500,15,V1,2,2,0.1000,5884.6343
598,15000,12,V1,2,1,0.1000,5467.6343
599,111000,1,V3,1,1,0.1000,11797.4805
600,79000,8,V2,2,0,0.1000,9534.6343
601,83000,11,V2,2,0,0.1000,8600.6343
602,53000,12,V1,2,1,0.1000,6038.6343
603,27500,15,V1,2,2,0.1000,6032.6343
604,113000,9,V2,2,1,0.1000,9443.6343
605,97000,10,V2,2,2,0.1000,9208.6343
606,61000,7,V2,1,2,0.1000,9586.4805
607,119000,0,V3,1,0,0.1000,8540.4805
608,87000,1,V3,1,1,0.1000,11838.4805
609,91000,6,V2,1,1,0.1000,9482.4805
610,45000,19,V1,2,0,0.1000,5592.6343
611,103000,1,V3,1,1,0.1000,12133.4805
612,59000,17,V1,2,1,0.1000,5519.6343
613,65000,4,V2,1,1,0.1000,9467.4805
614,111000,0,V3,1,0,0.1000,8739.4805
615,55000,14,V1,2,1,0.1000,5382.6343
616,103000,2,V3,1,2,0.1000,10746.4805
617,117000,1,V3,1,1,0.1000,12183.4805
618,109000,5,V2,1,2,0.1000,9607.4805
619,99000,7,V2,1,2,0.1000,9986.4805
620,121000,2,V3,1,2,0.1000,10871.4805
621,59000,13,V1,2,2,0.1000,5830.6343
622,113000,8,V2,2,0,0.1000,9816.6343
623,111000,0,V3,1,0,0.1000,8859.4805
624,111000,11,V2,2,0,0.1000,9108.6343
625,900000,1,V3,1,1,0.1000,14079.4805
626,337500,3,V3,1,0,0.1000,10423.4805
627,117000,10,V2,2,2,0.1000,9501.6343
628,119000,0,V3,1,0,0.1000,9065.4805
629,71000,9,V2,2,1,0.1000,9304.6343
630,123000,2,V3,1,2,0.1000,10983.4805
631,525000,0,V3,1,0,0.1000,10064.4805
632,111000,4,V2,1,1,0.1000,10076.4805
633,127000,6,V2,1,1,0.1000,9743.4805
634,77000,15,V1,2,2,0.1000,6609.6343
635,27500,12,V1,2,1,0.1000,5887.6343
636,77000,7,V2,1,2,0.1000,9909.4805
637,127000,2,V3,1,2,0.1000,11115.4805
638,53000,16,V1,2,0,0.1000,5562.6343
639,89000,5,V2,1,2,0.1000,9519.4805
640,75000,9,V2,2,1,0.1000,9486.6343
641,45000,18,V1,2,2,0.1000,4857.6343
642,99000,8,V2,2,0,0.1000,9817.6343
643,127000,2,V3,1,2,0.1000,11223.4805
644,87000,11,V2,2,0,0.1000,9217.6343
645,45000,19,V1,2,0,0.1000,5634.6343
646,101000,3,V3,1,0,0.1000,9981.4805
647,101000,10,V2,2,2,0.1000,9495.6343
648,49000,12,V1,2,1,0.1000,6159.6343
649,99000,4,V2,1,1,0.1000,10076.4805
650,127000,2,V3,1,2,0.1000,11319.4805
651,49000,14,V1,2,1,0.1000,5515.6343
652,77000,7,V2,1,2,0.1000,10067.4805
653,135000,3,V3,1,0,0.1000,10078.4805
654,150000,2,V3,1,2,0.1000,11485.4805
655,47000,17,V1,2,1,0.1000,5398.6343
656,525000,3,V3,1,0,0.1000,10877.4805
657,63000,13,V1,2,2,0.1000,6013.6343
658,71000,6,V2,1,1,0.1000,9490.4805
659,135000,9,V2,2,1,0.1000,9929.6343
660,47000,5,V2,1,2,0.1000,9579.4805
661,65000,11,V2,2,0,0.1000,9122.6343
662,71000,8,V2,2,0,0.1000,9662.6343
663,65000,18,V1,2,2,0.1000,5132.6343
664,77000,5,V2,1,2,0.1000,9834.4805
665,117000,0,V3,1,0,0.1000,9363.4805
666,712500,2,V3,1,2,0.1000,12372.4805
667,101000,10,V2,2,2,0.1000,9569.6343
668,75000,7,V2,1,2,0.1000,10166.4805
669,125000,0,V3,1,0,0.1000,9486.4805
670,103000,6,V2,1,1,0.1000,9794.4805
671,121000,4,V2,1,1,0.1000,10343.4805
672,127000,11,V2,2,0,0.1000,9525.6343
673,101000,8,V2,2,0,0.1000,10238.6343
674,40000,16,V1,2,0,0.1000,5490.6343
675,49000,19,V1,2,0,0.1000,5686.6343
676,117000,1,V3,1,1,0.1000,12497.4805
677,129000,0,V3,1,0,0.1000,9666.4805
678,55000,15,V1,2,2,0.1000,6435.6343
679,47000,12,V1,2,1,0.1000,6225.6343
680,63000,17,V1,2,1,0.1000,5653.6343
681,95000,5,V2,1,2,0.1000,10047.4805
682,87000,9,V2,2,1,0.1000,9772.6343
683,121000,1,V3,1,1,0.1000,12554.4805
684,95000,7,V2,1,2,0.1000,10359.4805
685,65000,14,V1,2,1,0.1000,5721.6343
686,77000,10,V2,2,2,0.1000,9695.6343
687,109000,0,V3,1,0,0.1000,9735.4805
688,49000,16,V1,2,0,0.1000,5723.6343
689,127000,3,V3,1,0,0.1000,10253.4805
690,121000,6,V2,1,1,0.1000,10023.4805
691,40000,13,V1,2,2,0.1000,5757.6343
692,77000,4,V2,1,1,0.1000,10069.4805
693,61000,8,V2,2,0,0.1000,10085.6343
694,337500,1,V3,1,1,0.1000,13341.4805
695,61000,19,V1,2,0,0.1000,6040.6343
696,63000,11,V2,2,0,0.1000,9222.6343
697,125000,0,V3,1,0,0.1000,9924.4805
698,117000,3,V3,1,0,0.1000,10321.4805
699,67000,9,V2,2,1,0.1000,9766.6343
700,107000,5,V2,1,2,0.1000,10190.4805
701,61000,18,V1,2,2,0.1000,5197.6343
702,53000,15,V1,2,2,0.1000,6451.6343
703,150000,0,V3,1,0,0.1000,10028.4805
704,101000,10,V2,2,2,0.1000,9883.6343
705,337500,3,V3,1,0,0.1000,10828.4805
706,75000,7,V2,1,2,0.1000,10429.4805
707,93000,8,V2,2,0,0.1000,10306.6343
708,77000,4,V2,1,1,0.1000,10073.4805
709,87000,11,V2,2,0,0.1000,9610.6343
710,111000,2,V3,1,2,0.1000,11494.4805
711,105000,0,V3,1,0,0.1000,9973.4805
712,105000,1,V3,1,1,0.1000,12794.4805
713,73000,12,V1,2,1,0.1000,6591.6343
714,117000,9,V2,2,1,0.1000,10156.6343
715,53000,13,V1,2,2,0.1000,5963.6343
716,105000,6,V2,1,1,0.1000,10137.4805
717,135000,2,V3,1,2,0.1000,11631.4805
718,61000,17,V1,2,1,0.1000,5752.6343
719,67000,7,V2,1,2,0.1000,10441.4805
720,51000,14,V1,2,1,0.1000,5595.6343
721,49000,16,V1,2,0,0.1000,5884.6343
722,81000,0,V3,1,0,0.1000,10070.4805
723,95000,1,V3,1,1,0.1000,12820.4805
724,129000,0,V3,1,0,0.1000,10181.4805
725,65000,5,V2,1,2,0.1000,10006.4805
726,81000,10,V2,2,2,0.1000,9991.6343
727,53000,4,V2,1,1,0.1000,10404.4805
728,109000,2,V3,1,2,0.1000,11722.4805
729,150000,1,V3,1,1,0.1000,13184.4805
730,119000,3,V3,1,0,0.1000,10541.4805
731,63000,8,V2,2,0,0.1000,10230.6343
732,109000,11,V2,2,0,0.1000,9730.6343
733,337500,0,V3,1,0,0.1000,10462.4805
734,15000,19,V1,2,0,0.1000,5781.6343
735,129000,2,V3,1,2,0.1000,11769.4805
736,95000,7,V2,1,2,0.1000,10662.4805
737,101000,3,V3,1,0,0.1000,10602.4805
738,125000,1,V3,1,1,0.1000,13146.4805
739,63000,5,V2,1,2,0.1000,10018.4805
740,105000,6,V2,1,1,0.1000,10143.4805
741,95000,4,V2,1,1,0.1000,10639.4805
742,15000,15,V1,2,2,0.1000,6092.6343
743,125000,2,V3,1,2,0.1000,11874.4805
744,77000,9,V2,2,1,0.1000,9975.6343
745,65000,8,V2,2,0,0.1000,10243.6343
746,93000,10,V2,2,2,0.1000,10059.6343
747,150000,3,V3,1,0,0.1000,10780.4805
748,77000,18,V1,2,2,0.1000,5566.6343
749,135000,1,V3,1,1,0.1000,13467.4805
750,49000,19,V1,2,0,0.1000,6127.6343
751,49000,15,V1,2,2,0.1000,6597.6343
752,45000,13,V1,2,2,0.1000,6113.6343
753,119000,2,V3,1,2,0.1000,11937.4805
754,712500,3,V3,1,0,0.1000,11296.4805
755,79000,5,V2,1,2,0.1000,10281.4805
756,91000,11,V2,2,0,0.1000,9715.6343
757,150000,0,V3,1,0,0.1000,10280.4805
758,77000,7,V2,1,2,0.1000,10641.4805
759,67000,14,V1,2,1,0.1000,5802.6343
760,67000,8,V2,2,0,0.1000,10458.6343
761,119000,1,V3,1,1,0.1000,13465.4805
762,83000,9,V2,2,1,0.1000,10227.6343
763,40000,16,V1,2,0,0.1000,5915.6343
764,87000,4,V2,1,1,0.1000,10601.4805
765,81000,2,V3,1,2,0.1000,11913.4805
766,113000,1,V3,1,1,0.1000,13590.4805
767,93000,6,V2,1,1,0.1000,10271.4805
768,81000,10,V2,2,2,0.1000,10050.6343
769,135000,2,V3,1,2,0.1000,11998.4805
770,51000,12,V1,2,1,0.1000,6459.6343
771,81000,17,V1,2,1,0.1000,6042.6343
772,712500,0,V3,1,0,0.1000,10728.4805
773,337500,1,V3,1,1,0.1000,14108.4805
774,59000,5,V2,1,2,0.1000,10314.4805
775,115000,2,V3,1,2,0.1000,12050.4805
776,119000,8,V2,2,0,0.1000,10802.6343
777,900000,2,V3,1,2,0.1000,12830.4805
778,117000,7,V2,1,2,0.1000,10976.4805
779,115000,11,V2,2,0,0.1000,9824.6343
780,93000,9,V2,2,1,0.1000,10278.6343
781,49000,19,V1,2,0,0.1000,6155.6343
782,81000,4,V2,1,1,0.1000,10569.4805
783,79000,10,V2,2,2,0.1000,10134.6343
784,93000,5,V2,1,2,0.1000,10471.4805
785,45000,15,V1,2,2,0.1000,6602.6343
786,51000,16,V1,2,0,0.1000,6003.6343
787,79000,6,V2,1,1,0.1000,10242.4805
788,73000,13,V1,2,2,0.1000,6404.6343
789,712500,1,V3,1,1,0.1000,14621.4805
790,87000,9,V2,2,1,0.1000,10365.6343
791,125000,3,V3,1,0,0.1000,10879.4805
792,95000,4,V2,1,1,0.1000,10837.4805
793,129000,8,V2,2,0,0.1000,10843.6343
794,81000,7,V2,1,2,0.1000,10862.4805
795,53000,12,V1,2,1,0.1000,6567.6343
796,87000,10,V2,2,2,0.1000,10305.6343
797,103000,6,V2,1,1,0.1000,10514.4805
798,135000,11,V2,2,0,0.1000,10118.6343
799,73000,18,V1,2,2,0.1000,5552.6343
800,111000,5,V2,1,2,0.1000,10560.4805
801,99000,3,V3,1,0,0.1000,10907.4805
802,91000,14,V1,2,1,0.1000,6052.6343
803,111000,0,V3,1,0,0.1000,10327.4805
804,53000,15,V1,2,2,0.1000,6860.6343
805,125000,3,V3,1,0,0.1000,10968.4805
806,900000,0,V3,1,0,0.1000,10864.4805
807,27500,19,V1,2,0,0.1000,6026.6343
808,55000,17,V1,2,1,0.1000,5960.6343
809,79000,9,V2,2,1,0.1000,10366.6343
810,95000,7,V2,1,2,0.1000,10937.4805
811,900000,3,V3,1,0,0.1000,11483.4805
812,71000,10,V2,2,2,0.1000,10317.6343
813,85000,4,V2,1,1,0.1000,10838.4805
814,115000,6,V2,1,1,0.1000,10638.4805
815,71000,16,V1,2,0,0.1000,6186.6343
816,101000,8,V2,2,0,0.1000,10733.6343
817,27500,12,V1,2,1,0.1000,6441.6343
818,75000,5,V2,1,2,0.1000,10526.4805
819,135000,11,V2,2,0,0.1000,10172.6343
820,81000,9,V2,2,1,0.1000,10497.6343
821,115000,10,V2,2,2,0.1000,10509.6343
822,75000,19,V1,2,0,0.1000,6361.6343
823,712500,2,V3,1,2,0.1000,12740.4805
824,125000,1,V3,1,1,0.1000,13838.4805
825,109000,4,V2,1,1,0.1000,11038.4805
826,79000,7,V2,1,2,0.1000,11017.4805
827,95000,5,V2,1,2,0.1000,10652.4805
828,101000,6,V2,1,1,0.1000,10591.4805
829,150000,1,V3,1,1,0.1000,14055.4805
830,49000,13,V1,2,2,0.1000,6281.6343
831,55000,18,V1,2,2,0.1000,5582.6343
832,107000,8,V2,2,0,0.1000,10810.6343
833,81000,9,V2,2,1,0.1000,10545.6343
834,89000,7,V2,1,2,0.1000,11068.4805
835,900000,1,V3,1,1,0.1000,14811.4805
836,99000,10,V2,2,2,0.1000,10466.6343
837,113000,11,V2,2,0,0.1000,10169.6343
838,91000,12,V1,2,1,0.1000,6874.6343
839,71000,15,V1,2,2,0.1000,6965.6343
840,47000,17,V1,2,1,0.1000,5976.6343
841,61000,14,V1,2,1,0.1000,5980.6343
842,65000,4,V2,1,1,0.1000,10898.4805
843,73000,5,V2,1,2,0.1000,10607.4805
844,85000,9,V2,2,1,0.1000,10590.6343
845,107000,6,V2,1,1,0.1000,10679.4805
846,65000,16,V1,2,0,0.1000,6238.6343
847,83000,8,V2,2,0,0.1000,10834.6343
848,79000,13,V1,2,2,0.1000,6525.6343
849,75000,7,V2,1,2,0.1000,11155.4805
850,115000,4,V2,1,1,0.1000,11102.4805
851,123000,0,V3,1,0,0.1000,10420.4805
852,81000,10,V2,2,2,0.1000,10460.6343
853,49000,18,V1,2,2,0.1000,5584.6343
854,79000,5,V2,1,2,0.1000,10724.4805
855,900000,3,V3,1,0,0.1000,11484.4805
856,67000,17,V1,2,1,0.1000,6135.6343
857,103000,11,V2,2,0,0.1000,10147.6343
858,85000,9,V2,2,1,0.1000,10643.6343
859,900000,2,V3,1,2,0.1000,12852.4805
860,115000,0,V3,1,0,0.1000,10451.4805
861,55000,19,V1,2,0,0.1000,6381.6343
862,53000,15,V1,2,2,0.1000,6951.6343
863,85000,7,V2,1,2,0.1000,11233.4805
864,49000,8,V2,2,0,0.1000,10909.6343
865,119000,0,V3,1,0,0.1000,10523.4805
866,93000,6,V2,1,1,0.1000,10655.4805
867,127000,5,V2,1,2,0.1000,10869.4805
868,109000,10,V2,2,2,0.1000,10645.6343
869,900000,0,V3,1,0,0.1000,10936.4805
870,51000,14,V1,2,1,0.1000,5970.6343
871,119000,4,V2,1,1,0.1000,11225.4805
872,89000,8,V2,2,0,0.1000,11058.6343
873,117000,9,V2,2,1,0.1000,10719.6343
874,85000,11,V2,2,0,0.1000,10160.6343
875,109000,7,V2,1,2,0.1000,11312.4805
876,71000,12,V1,2,1,0.1000,6878.6343
877,49000,16,V1,2,0,0.1000,6238.6343
878,337500,1,V3,1,1,0.1000,14542.4805
879,87000,6,V2,1,1,0.1000,10791.4805
880,337500,1,V3,1,1,0.1000,14559.4805
881,109000,8,V2,2,0,0.1000,11110.6343
882,121000,10,V2,2,2,0.1000,10681.6343
883,59000,18,V1,2,2,0.1000,5636.6343
884,101000,11,V2,2,0,0.1000,10349.6343
885,83000,13,V1,2,2,0.1000,6552.6343
886,75000,19,V1,2,0,0.1000,6433.6343
887,27500,17,V1,2,1,0.1000,5993.6343
888,150000,5,V2,1,2,0.1000,10921.4805
889,47000,15,V1,2,2,0.1000,6924.6343
890,900000,3,V3,1,0,0.1000,11494.4805
891,71000,4,V2,1,1,0.1000,11098.4805
892,111000,9,V2,2,1,0.1000,10777.6343
893,73000,7,V2,1,2,0.1000,11252.4805
894,15000,14,V1,2,1,0.1000,5837.6343
895,79000,6,V2,1,1,0.1000,10816.4805
896,99000,4,V2,1,1,0.1000,11213.4805
897,71000,16,V1,2,0,0.1000,6325.6343
898,127000,2,V3,1,2,0.1000,12216.4805
899,119000,8,V2,2,0,0.1000,11138.6343
900,55000,14,V1,2,1,0.1000,6076.6343
901,525000,2,V3,1,2,0.1000,12753.4805
902,97000,11,V2,2,0,0.1000,10354.6343
903,525000,0,V3,1,0,0.1000,10791.4805
904,91000,10,V2,2,2,0.1000,10698.6343
905,125000,7,V2,1,2,0.1000,11393.4805
906,59000,17,V1,2,1,0.1000,6210.6343
907,103000,6,V2,1,1,0.1000,10878.4805
908,51000,12,V1,2,1,0.1000,6797.6343
909,93000,9,V2,2,1,0.1000,10771.6343
910,113000,5,V2,1,2,0.1000,10887.4805
911,67000,18,V1,2,2,0.1000,5758.6343
912,115000,1,V3,1,1,0.1000,14281.4805
913,73000,4,V2,1,1,0.1000,11239.4805
914,129000,1,V3,1,1,0.1000,14462.4805
915,63000,15,V1,2,2,0.1000,6989.6343
916,89000,10,V2,2,2,0.1000,10698.6343
917,150000,11,V2,2,0,0.1000,10411.6343
918,103000,8,V2,2,0,0.1000,11116.6343
919,129000,6,V2,1,1,0.1000,10914.4805
920,135000,1,V3,1,1,0.1000,14624.4805
921,40000,19,V1,2,0,0.1000,6371.6343
922,89000,9,V2,2,1,0.1000,10787.6343
923,63000,13,V1,2,2,0.1000,6525.6343
924,127000,7,V2,1,2,0.1000,11424.4805
925,105000,4,V2,1,1,0.1000,11305.4805
926,107000,5,V2,1,2,0.1000,10902.4805
927,99000,1,V3,1,1,0.1000,14647.4805
928,65000,14,V1,2,1,0.1000,6106.6343
929,95000,10,V2,2,2,0.1000,10725.6343
930,103000,2,V3,1,2,0.1000,12486.4805
931,89000,17,V1,2,1,0.1000,6271.6343
932,55000,12,V1,2,1,0.1000,6877.6343
933,93000,8,V2,2,0,0.1000,11136.6343
934,45000,16,V1,2,0,0.1000,6280.6343
935,85000,9,V2,2,1,0.1000,10803.6343
936,119000,1,V3,1,1,0.1000,14675.4805
937,47000,19,V1,2,0,0.1000,6406.6343
938,55000,18,V1,2,2,0.1000,5748.6343
939,129000,2,V3,1,2,0.1000,12615.4805
940,40000,15,V1,2,2,0.1000,7014.6343
941,103000,0,V3,1,0,0.1000,10596.4805
942,49000,6,V2,1,1,0.1000,10808.4805
943,119000,3,V3,1,0,0.1000,11076.4805
944,55000,11,V2,2,0,0.1000,10297.6343
945,51000,4,V2,1,1,0.1000,11234.4805
946,83000,7,V2,1,2,0.1000,11406.4805
947,15000,13,V1,2,2,0.1000,6387.6343
948,93000,1,V3,1,1,0.1000,14694.4805
949,712500,0,V3,1,0,0.1000,10938.4805
950,87000,2,V3,1,2,0.1000,12694.4805
951,105000,5,V2,1,2,0.1000,10932.4805
952,85000,10,V2,2,2,0.1000,10766.6343
953,63000,6,V2,1,1,0.1000,10898.4805
954,71000,1,V3,1,1,0.1000,14683.4805
955,49000,16,V1,2,0,0.1000,6355.6343
956,79000,3,V3,1,0,0.1000,11140.4805
957,115000,2,V3,1,2,0.1000,12777.4805
958,121000,1,V3,1,1,0.1000,14723.4805
959,97000,8,V2,2,0,0.1000,11197.6343
960,127000,3,V3,1,0,0.1000,11229.4805
961,129000,2,V3,1,2,0.1000,12813.4805
962,109000,4,V2,1,1,0.1000,11352.4805
963,49000,11,V2,2,0,0.1000,10287.6343
964,105000,9,V2,2,1,0.1000,10838.6343
965,45000,12,V1,2,1,0.1000,6852.6343
966,95000,1,V3,1,1,0.1000,14726.4805
967,712500,3,V3,1,0,0.1000,11574.4805
968,900000,2,V3,1,2,0.1000,13129.4805
969,65000,7,V2,1,2,0.1000,11391.4805
970,45000,13,V1,2,2,0.1000,6570.6343
971,119000,1,V3,1,1,0.1000,14741.4805
972,113000,11,V2,2,0,0.1000,10422.6343
973,900000,1,V3,1,1,0.1000,15060.4805
974,127000,6,V2,1,1,0.1000,10951.4805
975,135000,10,V2,2,2,0.1000,10810.6343
976,77000,14,V1,2,1,0.1000,6141.6343
977,97000,5,V2,1,2,0.1000,10968.4805
978,77000,19,V1,2,0,0.1000,6484.6343
979,103000,8,V2,2,0,0.1000,11216.6343
980,900000,0,V3,1,0,0.1000,11101.4805
981,113000,7,V2,1,2,0.1000,11454.4805
982,135000,9,V2,2,1,0.1000,10875.6343
983,59000,15,V1,2,2,0.1000,7044.6343
984,127000,4,V2,1,1,0.1000,11367.4805
985,135000,11,V2,2,0,0.1000,10440.6343
986,47000,18,V1,2,2,0.1000,5737.6343
987,15000,17,V1,2,1,0.1000,6077.6343
988,81000,5,V2,1,2,0.1000,10964.4805
989,59000,16,V1,2,0,0.1000,6374.6343
990,101000,6,V2,1,1,0.1000,10936.4805
991,81000,10,V2,2,2,0.1000,10780.6343
992,97000,8,V2,2,0,0.1000,11214.6343
993,900000,3,V3,1,0,0.1000,11694.4805
994,65000,12,V1,2,1,0.1000,6926.6343
995,75000,17,V1,2,1,0.1000,6268.6343
996,123000,7,V2,1,2,0.1000,11487.4805
997,337500,2,V3,1,2,0.1000,12920.4805
998,97000,4,V2,1,1,0.1000,11350.4805
999,73000,13,V1,2,2,0.1000,6601.6343
