vm,vm_type,pes,mips_per_pe,ram_mb,bw_mbps,datacenter,host
0,V3,4,2500,8192,1000,1,0
1,V3,4,2500,8192,1000,1,1
2,V3,4,2500,8192,1000,1,2
3,V3,4,2500,8192,1000,1,0
4,V2,2,1500,4096,1000,1,1
5,V2,2,1500,4096,1000,1,2
6,V2,2,1500,4096,1000,1,1
7,V2,2,1500,4096,1000,1,2
8,V2,2,1500,4096,1000,2,0
9,V2,2,1500,4096,1000,2,1
10,V2,2,1500,4096,1000,2,2
11,V2,2,1500,4096,1000,2,0
12,V1,1,1000,2048,500,2,1
13,V1,1,1000,2048,500,2,2
14,V1,1,1000,2048,500,2,1
15,V1,1,1000,2048,500,2,2
16,V1,1,1000,2048,500,2,0
17,V1,1,1000,2048,500,2,1
18,V1,1,1000,2048,500,2,2
19,V1,1,1000,2048,500,2,0
