timestamp,dataset,tasks,k_percent,makespan_s,analytic_makespan_s,energy_kwh,avg_response_s,utilization_pct,di_all_vm,di_used_vm,throughput_task_s,cost_usd,scheduling_ms
2026-10-01T11:07:35,GoCJ_Dataset_100,100,20.0,1327.2516,362.4500,0.302501,577.5219,14.49,6.9020,0.6417,0.0753,1659.1819,0.336
2026-10-01T11:07:37,GoCJ_Dataset_100,100,50.0,515.1616,270.9500,0.122418,228.8203,34.54,2.8954,0.7216,0.1941,684.6739,0.221
2026-10-01T11:07:39,GoCJ_Dataset_100,100,100.0,483.7600,230.9000,0.112974,151.3125,42.09,1.8345,1.8345,0.2067,646.9920,0.462
2026-10-01T11:08:16,GoCJ_Dataset_500,500,20.0,21269.2172,1630.7500,5.080040,13401.8082,19.09,5.2381,0.0844,0.0235,25589.5406,0.568
2026-10-01T11:08:30,GoCJ_Dataset_500,500,50.0,6854.6898,1134.7000,1.724302,4022.7748,43.28,2.3106,0.3211,0.0729,8292.1078,1.327
2026-10-01T11:08:39,GoCJ_Dataset_500,500,100.0,4147.5550,925.4000,1.048130,1924.6743,62.50,0.9486,0.9486,0.1206,5043.5460,2.110
2026-10-01T11:16:18,GoCJ_Dataset_1000,1000,20.0,87658.4122,3278.2500,20.789015,52584.6323,18.07,5.5330,0.1832,0.0114,105256.5746,0.907
2026-10-01T11:18:37,GoCJ_Dataset_1000,1000,50.0,29110.0637,2288.0000,7.188867,15464.5018,38.82,2.5759,0.4799,0.0344,34998.5564,1.629
2026-10-01T11:19:54,GoCJ_Dataset_1000,1000,100.0,15060.4805,1866.3500,3.821065,7031.8717,63.31,0.9755,0.9755,0.0664,18139.0566,2.001
2026-10-03T15:40:25,GoCJ_Dataset_100,100,20.0,1327.2516,362.4500,0.302501,577.5219,14.49,6.9020,0.6417,0.0753,1659.1819,0.271
2026-10-03T16:24:03,GoCJ_Dataset_100,100,20.0,1327.2516,362.4500,0.302501,577.5219,14.49,6.9020,0.6417,0.0753,1659.1819,0.342
