dataset,tasks,k_percent,runs,makespan_s_mean,makespan_s_std,energy_kwh_mean,energy_kwh_std,avg_response_s_mean,avg_response_s_std,utilization_pct_mean,utilization_pct_std,di_all_vm_mean,di_all_vm_std,di_used_vm_mean,di_used_vm_std,throughput_task_s_mean,throughput_task_s_std,cost_usd_mean,cost_usd_std,scheduling_ms_mean,scheduling_ms_std
GoCJ_Dataset_100,100,20.0,3,14.810233,0.906449,0.003408,0.000196,6.501065,0.007098,18.563595,0.207803,5.387338,0.060428,0.119812,0.008653,6.768569,0.404036,83.05228,1.087738,0.345247,0.163462
GoCJ_Dataset_100,100,50.0,3,12.466167,0.412579,0.003017,0.000102,7.000591,0.322633,40.84182,0.679664,2.448923,0.040727,0.419981,0.037897,8.027643,0.268819,80.2394,0.495095,0.452385,0.269813
GoCJ_Dataset_100,100,100.0,3,13.557633,0.666599,0.003256,0.000135,5.880869,0.331841,56.263932,4.209745,1.201909,0.142902,1.201909,0.142902,7.387665,0.358463,81.54916,0.799919,0.65774,0.221873
GoCJ_Dataset_500,500,20.0,3,59.889767,1.38108,0.014324,0.000336,33.382932,1.535405,19.760434,0.031738,5.060626,0.008133,0.025786,0.00457,8.351599,0.190442,137.14772,1.657296,1.30359,0.140203
GoCJ_Dataset_500,500,50.0,3,57.0923,2.088244,0.014311,0.000477,35.602187,0.899991,45.559553,0.799025,2.195384,0.038883,0.142281,0.021941,8.76543,0.31504,133.79076,2.505893,1.981321,0.449975
GoCJ_Dataset_500,500,100.0,3,48.321633,1.749422,0.012701,0.000432,33.227253,1.021048,90.472058,1.697751,0.20667,0.042756,0.20667,0.042756,10.356271,0.370391,123.26596,2.099306,1.523703,0.295162
GoCJ_Dataset_1000,1000,20.0,3,121.5416,3.03221,0.029147,0.000727,70.513429,0.864767,19.711686,0.013376,5.073134,0.003443,0.048087,0.004487,8.231059,0.205843,211.12992,3.638652,4.443049,1.659839
GoCJ_Dataset_1000,1000,50.0,3,125.783333,23.48682,0.031683,0.00597,79.046542,15.964694,45.980186,0.340549,2.17493,0.01617,0.137526,0.00546,8.121205,1.374485,216.22,28.184185,3.793825,0.619386
GoCJ_Dataset_1000,1000,100.0,3,129.017633,10.025754,0.033972,0.002491,89.631493,8.146358,90.355659,2.429965,0.236198,0.015785,0.236198,0.015785,7.783481,0.629481,220.10116,12.030905,4.209176,0.94169
GoCJ_Dataset_100,100,20.0,1,12.9025,0.0,0.00296,0.0,5.596667,0.0,18.571943,0.0,5.384466,0.0,0.139101,0.0,7.750436,0.0,80.763,0.0,0.563775,0.0
GoCJ_Dataset_1000,1000,100.0,3,57.318767,1.019769,0.015287,0.000275,41.378808,0.797894,94.340131,0.369602,0.111236,0.014666,0.111236,0.014666,17.449951,0.308438,134.06252,1.223723,4.826094,1.004724
GoCJ_Dataset_1000,1000,100.0,3,58.2047,5.487801,0.015499,0.001454,41.195338,3.870434,93.701477,1.085288,0.112553,0.029161,0.112553,0.029161,17.283374,1.635201,135.12564,6.585361,5.258648,0.715743
GoCJ_Dataset_100,100,20.0,1,15.0234,0.0,0.003437,0.0,5.774878,0.0,18.843804,0.0,5.306784,0.0,0.171404,0.0,6.656283,0.0,83.30808,0.0,0.613122,0.0
GoCJ_Dataset_100,100,50.0,1,12.2492,0.0,0.002871,0.0,5.00205,0.0,33.677179,0.0,2.96937,0.0,0.803515,0.0,8.163798,0.0,79.97904,0.0,0.634234,0.0
GoCJ_Dataset_100,100,100.0,1,13.2704,0.0,0.003095,0.0,4.31123,0.0,44.057112,0.0,1.668316,0.0,1.668316,0.0,7.535568,0.0,81.20448,0.0,0.608927,0.0
GoCJ_Dataset_500,500,20.0,1,61.9684,0.0,0.014705,0.0,30.910936,0.0,18.774537,0.0,5.326363,0.0,0.091947,0.0,8.068629,0.0,139.64208,0.0,2.598732,0.0
GoCJ_Dataset_500,500,20.0,1,53.8984,0.0,0.01276,0.0,26.532617,0.0,18.592528,0.0,5.378505,0.0,0.112984,0.0,9.276713,0.0,129.95808,0.0,2.576496,0.0
GoCJ_Dataset_500,500,50.0,1,50.2558,0.0,0.012616,0.0,29.857396,0.0,45.139974,0.0,2.215331,0.0,0.157001,0.0,9.9491,0.0,125.58696,0.0,1.701294,0.0
GoCJ_Dataset_500,500,100.0,1,42.0895,0.0,0.010968,0.0,26.451267,0.0,85.982822,0.0,0.269908,0.0,0.269908,0.0,11.879447,0.0,115.7874,0.0,2.885993,0.0
GoCJ_Dataset_1000,1000,20.0,1,106.8954,0.0,0.025559,0.0,58.976291,0.0,19.264416,0.0,5.190918,0.0,0.062937,0.0,9.35494,0.0,193.55448,0.0,5.499545,0.0
GoCJ_Dataset_1000,1000,50.0,1,96.6076,0.0,0.024487,0.0,61.472156,0.0,47.152067,0.0,2.120798,0.0,0.084271,0.0,10.351152,0.0,181.20912,0.0,7.233388,0.0
GoCJ_Dataset_1000,1000,100.0,1,80.7447,0.0,0.021385,0.0,55.260605,0.0,91.785164,0.0,0.133876,0.0,0.133876,0.0,12.384714,0.0,162.17364,0.0,7.097725,0.0
