timestamp,dataset,tasks,k_percent,run,iters_per_mi,scale,predicted_makespan_s,makespan_s,energy_kwh,avg_response_s,utilization_pct,di_all_vm,di_used_vm,throughput_task_s,cost_usd,scheduling_ms,vms_used
2026-10-01T11:20:20,GoCJ_Dataset_100,100,20.0,1,14,0.02537,9.196,14.0825,0.003252,6.509223,18.588212,5.379753,0.114116,7.101012,82.179,0.33194,4
2026-10-01T11:20:36,GoCJ_Dataset_100,100,20.0,2,14,0.02537,9.196,15.8256,0.003628,6.497673,18.757993,5.331061,0.115551,6.318876,84.27072,0.514956,4
2026-10-01T11:20:50,GoCJ_Dataset_100,100,20.0,3,14,0.02537,9.196,14.5226,0.003343,6.4963,18.34458,5.451201,0.129769,6.885819,82.70712,0.188846,4
2026-10-01T11:21:04,GoCJ_Dataset_100,100,50.0,1,14,0.02409,6.5274,12.0128,0.002907,6.768792,40.820541,2.449747,0.425628,8.324454,79.69536,0.402879,10
2026-10-01T11:21:16,GoCJ_Dataset_100,100,50.0,2,14,0.02409,6.5274,12.5661,0.003033,6.863917,40.173045,2.489231,0.454738,7.957919,80.35932,0.210753,10
2026-10-01T11:21:29,GoCJ_Dataset_100,100,50.0,3,14,0.02409,6.5274,12.8196,0.00311,7.369065,41.531873,2.407789,0.379577,7.800555,80.66352,0.743523,10
2026-10-01T11:21:44,GoCJ_Dataset_100,100,100.0,1,14,0.02507,5.7882,13.4235,0.003251,6.252717,59.814728,1.070626,1.070626,7.449622,81.3882,0.43374,20
2026-10-01T11:21:58,GoCJ_Dataset_100,100,100.0,2,14,0.02507,5.7882,14.2811,0.003395,5.614851,51.613496,1.354122,1.354122,7.002262,82.41732,0.662057,20
2026-10-01T11:22:11,GoCJ_Dataset_100,100,100.0,3,14,0.02507,5.7882,12.9683,0.003124,5.775039,57.363571,1.180979,1.180979,7.711111,80.84196,0.877422,20
2026-10-01T11:23:12,GoCJ_Dataset_500,500,20.0,1,14,0.02164,35.293,58.8545,0.01407,31.620231,19.724923,5.069728,0.02485,8.495527,135.9054,1.184358,4
2026-10-01T11:24:13,GoCJ_Dataset_500,500,20.0,2,14,0.02164,35.293,61.4579,0.014704,34.429003,19.786032,5.05407,0.021756,8.135651,139.02948,1.458046,4
2026-10-01T11:25:12,GoCJ_Dataset_500,500,20.0,3,14,0.02164,35.293,59.3569,0.014197,34.099561,19.770347,5.05808,0.030751,8.423621,136.50828,1.268365,4
2026-10-01T11:26:13,GoCJ_Dataset_500,500,50.0,1,14,0.02472,28.0529,59.4615,0.014849,36.501741,44.640498,2.240118,0.166059,8.408802,136.6338,1.463808,10
2026-10-01T11:27:09,GoCJ_Dataset_500,500,50.0,2,14,0.02472,28.0529,55.5192,0.013941,34.701761,45.948762,2.176337,0.137967,9.005893,131.90304,2.280239,10
2026-10-01T11:28:05,GoCJ_Dataset_500,500,50.0,3,14,0.02472,28.0529,56.2962,0.014144,35.603061,46.089399,2.169696,0.122818,8.881594,132.83544,2.199917,10
2026-10-01T11:28:55,GoCJ_Dataset_500,500,100.0,1,14,0.02471,22.8631,47.8857,0.012557,32.379317,89.418647,0.236373,0.236373,10.441531,122.74284,1.484875,20
2026-10-01T11:29:42,GoCJ_Dataset_500,500,100.0,2,14,0.02471,22.8631,46.8314,0.01236,32.941789,92.430581,0.157666,0.157666,10.676597,121.47768,1.249877,20
2026-10-01T11:30:32,GoCJ_Dataset_500,500,100.0,3,14,0.02471,22.8631,50.2478,0.013187,34.360652,89.566946,0.225971,0.225971,9.950684,125.57736,1.836357,20
2026-10-01T11:32:38,GoCJ_Dataset_1000,1000,20.0,1,14,0.02572,84.3184,124.4848,0.029852,70.55819,19.69822,5.076601,0.053127,8.033109,214.66176,5.092777,4
2026-10-01T11:34:40,GoCJ_Dataset_1000,1000,20.0,2,14,0.02572,84.3184,121.7124,0.029189,71.354945,19.724971,5.069716,0.046606,8.21609,211.33488,5.679741,4
2026-10-01T11:36:38,GoCJ_Dataset_1000,1000,20.0,3,14,0.02572,84.3184,118.4276,0.028399,69.627151,19.711866,5.073086,0.044528,8.443978,207.39312,2.556629,4
2026-10-01T11:38:30,GoCJ_Dataset_1000,1000,50.0,1,14,0.02414,55.2303,110.3355,0.027723,70.3008,45.59184,2.193375,0.133134,9.063266,197.6826,3.227951,10
2026-10-01T11:40:24,GoCJ_Dataset_1000,1000,50.0,2,14,0.02414,55.2303,114.203,0.028776,69.365749,46.120837,2.168217,0.143639,8.756337,202.3236,4.455548,10
2026-10-01T11:42:57,GoCJ_Dataset_1000,1000,50.0,3,14,0.02414,55.2303,152.8115,0.038549,97.473076,46.227879,2.163197,0.135805,6.54401,248.6538,3.697976,10
2026-10-01T11:45:15,GoCJ_Dataset_1000,1000,100.0,1,14,0.02533,47.2787,136.52,0.035819,97.396101,92.813654,0.220857,0.220857,7.324934,229.104,3.442776,20
2026-10-01T11:47:13,GoCJ_Dataset_1000,1000,100.0,2,14,0.02533,47.2787,117.6309,0.031139,81.150679,90.298595,0.235343,0.235343,8.501168,206.43708,5.260398,20
2026-10-01T11:49:26,GoCJ_Dataset_1000,1000,100.0,3,14,0.02533,47.2787,132.902,0.03496,90.347699,87.95473,0.252393,0.252393,7.524341,224.7624,3.924355,20
