task_id,length_mi,vm,vm_type,datacenter,host,finish_s
0,83000,vm00,V3,1,0,71.7538
1,95000,vm01,V3,1,1,70.0051
2,91000,vm02,V3,1,2,73.667
3,81000,vm03,V3,1,0,66.121
4,27500,vm03,V3,1,0,23.6316
5,49000,vm00,V3,1,0,46.1765
6,103000,vm02,V3,1,2,78.4182
7,95000,vm01,V3,1,1,69.9322
8,47000,vm03,V3,1,0,43.3345
9,71000,vm00,V3,1,0,62.9267
10,55000,vm03,V3,1,0,49.2017
11,40000,vm01,V3,1,1,33.3847
12,111000,vm02,V3,1,2,82.2607
13,125000,vm00,V3,1,0,86.3861
14,99000,vm03,V3,1,0,74.8949
15,712500,vm01,V3,1,1,118.0737
16,87000,vm02,V3,1,2,72.1098
17,123000,vm03,V3,1,0,82.4549
18,107000,vm00,V3,1,0,81.6208
19,81000,vm02,V3,1,2,68.2998
20,51000,vm03,V3,1,0,46.2686
21,59000,vm00,V3,1,0,55.1552
22,150000,vm02,V3,1,2,87.744
23,113000,vm03,V3,1,0,79.9245
24,55000,vm00,V3,1,0,52.6287
25,91000,vm00,V3,1,0,75.3558
26,135000,vm03,V3,1,0,83.592
27,83000,vm02,V3,1,2,70.3245
28,59000,vm00,V3,1,0,55.2745
29,525000,vm00,V3,1,0,110.4734
30,40000,vm02,V3,1,2,38.5364
31,95000,vm03,V3,1,0,73.5346
32,129000,vm02,V3,1,2,85.9232
33,27500,vm03,V3,1,0,23.6672
34,89000,vm03,V3,1,0,70.2783
35,337500,vm02,V3,1,2,98.0684
36,129000,vm01,V3,1,1,81.2252
37,129000,vm03,V3,1,0,83.3774
38,712500,vm01,V3,1,1,118.4049
39,55000,vm03,V3,1,0,49.2145
40,81000,vm03,V3,1,0,66.2363
41,47000,vm03,V3,1,0,43.2744
42,77000,vm02,V3,1,2,66.1509
43,75000,vm00,V3,1,0,65.3013
44,83000,vm03,V3,1,0,68.2199
45,51000,vm02,V3,1,2,48.5352
46,61000,vm00,V3,1,0,57.9238
47,89000,vm03,V3,1,0,70.3437
48,127000,vm02,V3,1,2,85.4823
49,87000,vm00,V3,1,0,73.4851
50,77000,vm03,V3,1,0,63.9647
51,40000,vm00,V3,1,0,39.67
52,89000,vm02,V3,1,2,72.1453
53,89000,vm00,V3,1,0,73.4858
54,129000,vm03,V3,1,0,83.3565
55,47000,vm02,V3,1,2,45.0946
56,127000,vm00,V3,1,0,87.1123
57,119000,vm02,V3,1,2,84.2645
58,150000,vm03,V3,1,0,85.0376
59,129000,vm00,V3,1,0,87.7218
60,40000,vm02,V3,1,2,38.5703
61,97000,vm02,V3,1,2,76.9646
62,61000,vm03,V3,1,0,54.7145
63,45000,vm01,V3,1,1,36.6546
64,73000,vm01,V3,1,1,57.8746
65,45000,vm00,V3,1,0,43.0025
66,97000,vm03,V3,1,0,75.1163
67,712500,vm02,V3,1,2,111.4446
68,15000,vm00,V3,1,0,15.033
69,129000,vm00,V3,1,0,87.8109
70,115000,vm01,V3,1,1,78.2033
71,109000,vm03,V3,1,0,78.8914
72,111000,vm01,V3,1,1,76.9647
73,67000,vm00,V3,1,0,60.6143
74,49000,vm03,V3,1,0,43.3907
75,83000,vm00,V3,1,0,71.7992
76,65000,vm03,V3,1,0,57.4211
77,125000,vm01,V3,1,1,80.0925
78,85000,vm03,V3,1,0,68.3386
79,73000,vm00,V3,1,0,65.4517
80,113000,vm00,V3,1,0,83.6141
81,93000,vm03,V3,1,0,73.4749
82,95000,vm01,V3,1,1,70.0999
83,117000,vm03,V3,1,0,81.0188
84,81000,vm01,V3,1,1,62.125
85,99000,vm00,V3,1,0,78.6871
86,89000,vm01,V3,1,1,66.1086
87,65000,vm00,V3,1,0,60.5816
88,101000,vm03,V3,1,0,76.4801
89,79000,vm01,V3,1,1,62.0145
90,900000,vm00,V3,1,0,121.1157
91,99000,vm03,V3,1,0,75.1222
92,115000,vm02,V3,1,2,83.3447
93,150000,vm01,V3,1,1,82.8308
94,83000,vm03,V3,1,0,68.3346
95,40000,vm02,V3,1,2,38.6745
96,89000,vm02,V3,1,2,72.1464
97,123000,vm03,V3,1,0,82.5831
98,109000,vm01,V3,1,1,76.0875
99,71000,vm02,V3,1,2,61.564
100,105000,vm01,V3,1,1,74.7945
101,117000,vm03,V3,1,0,80.9946
102,89000,vm02,V3,1,2,72.2936
103,109000,vm01,V3,1,1,76.0545
104,55000,vm02,V3,1,2,51.4144
105,77000,vm03,V3,1,0,64.064
106,83000,vm02,V3,1,2,70.5507
107,109000,vm03,V3,1,0,78.9645
108,129000,vm01,V3,1,1,81.2299
109,111000,vm02,V3,1,2,82.4403
110,55000,vm03,V3,1,0,49.5046
111,93000,vm01,V3,1,1,70.1201
112,63000,vm03,V3,1,0,54.9785
113,115000,vm02,V3,1,2,83.2947
114,53000,vm03,V3,1,0,46.5506
115,111000,vm01,V3,1,1,77.0775
116,61000,vm03,V3,1,0,54.9775
117,63000,vm02,V3,1,2,56.9402
118,65000,vm03,V3,1,0,57.5645
119,87000,vm01,V3,1,1,66.2446
120,121000,vm02,V3,1,2,84.2146
121,75000,vm00,V3,1,0,65.4145
122,129000,vm03,V3,1,0,83.3665
123,121000,vm01,V3,1,1,79.2638
124,65000,vm00,V3,1,0,60.6745
125,119000,vm02,V3,1,2,84.2545
126,55000,vm00,V3,1,0,52.8611
127,40000,vm03,V3,1,0,37.4745
128,117000,vm01,V3,1,1,78.2446
129,103000,vm00,V3,1,0,80.4311
130,47000,vm03,V3,1,0,43.5946
131,79000,vm02,V3,1,2,68.3549
132,95000,vm03,V3,1,0,73.6162
133,117000,vm00,V3,1,0,84.652
134,71000,vm02,V3,1,2,61.6189
135,123000,vm01,V3,1,1,80.0245
136,75000,vm03,V3,1,0,61.99
137,71000,vm02,V3,1,2,61.7418
138,150000,vm00,V3,1,0,89.8161
139,85000,vm01,V3,1,1,64.4518
140,45000,vm03,V3,1,0,40.7537
141,47000,vm02,V3,1,2,45.4247
142,525000,vm03,V3,1,0,109.6606
143,47000,vm02,V3,1,2,45.4197
144,121000,vm01,V3,1,1,79.1415
145,65000,vm02,V3,1,2,59.2748
146,81000,vm00,V3,1,0,70.0673
147,67000,vm02,V3,1,2,59.5097
148,55000,vm01,V3,1,1,45.0651
149,53000,vm00,V3,1,0,49.6993
150,51000,vm02,V3,1,2,48.8145
151,127000,vm01,V3,1,1,80.7388
152,125000,vm00,V3,1,0,86.5046
153,87000,vm02,V3,1,2,72.3208
154,109000,vm02,V3,1,2,81.4076
155,900000,vm01,V3,1,1,120.9335
156,45000,vm00,V3,1,0,43.2065
157,525000,vm00,V3,1,0,110.5739
158,113000,vm02,V3,1,2,82.4362
159,61000,vm03,V3,1,0,54.9594
160,45000,vm02,V3,1,2,42.1149
161,75000,vm03,V3,1,0,62.1335
162,117000,vm02,V3,1,2,83.4227
163,113000,vm03,V3,1,0,79.9943
164,45000,vm02,V3,1,2,42.2811
165,93000,vm02,V3,1,2,75.6828
166,712500,vm03,V3,1,0,117.3053
167,45000,vm02,V3,1,2,42.2616
168,115000,vm02,V3,1,2,83.3583
169,99000,vm00,V3,1,0,78.828
170,119000,vm02,V3,1,2,84.2942
171,105000,vm00,V3,1,0,81.6915
172,40000,vm00,V3,1,0,40.0871
173,87000,vm02,V3,1,2,72.3745
174,89000,vm00,V3,1,0,73.802
175,59000,vm02,V3,1,2,54.3889
176,125000,vm01,V3,1,1,80.1331
177,113000,vm00,V3,1,0,83.6636
178,125000,vm02,V3,1,2,85.0472
179,99000,vm00,V3,1,0,78.8588
180,67000,vm01,V3,1,1,53.4534
181,87000,vm02,V3,1,2,72.3345
182,105000,vm01,V3,1,1,74.9573
183,71000,vm00,V3,1,0,63.2146
184,99000,vm03,V3,1,0,75.2338
185,107000,vm02,V3,1,2,80.1942
186,27500,vm00,V3,1,0,25.7745
187,103000,vm01,V3,1,1,73.3551
188,111000,vm00,V3,1,0,83.7645
189,111000,vm03,V3,1,0,80.0781
190,81000,vm02,V3,1,2,68.7433
191,111000,vm01,V3,1,1,77.1358
192,121000,vm00,V3,1,0,85.5781
193,150000,vm02,V3,1,2,87.8198
194,125000,vm03,V3,1,0,82.566
195,115000,vm01,V3,1,1,78.2847
196,67000,vm00,V3,1,0,60.9562
197,65000,vm03,V3,1,0,57.6459
198,113000,vm02,V3,1,2,82.4094
199,119000,vm00,V3,1,0,85.5384
200,712500,vm01,V3,1,1,118.6396
201,73000,vm03,V3,1,0,61.9982
202,83000,vm02,V3,1,2,70.7346
203,63000,vm03,V3,1,0,55.2284
204,103000,vm00,V3,1,0,80.5759
205,51000,vm03,V3,1,0,46.8697
206,900000,vm02,V3,1,2,116.1179
207,105000,vm03,V3,1,0,77.8145
208,123000,vm00,V3,1,0,86.6558
209,119000,vm03,V3,1,0,81.9142
210,47000,vm00,V3,1,0,46.7545
211,83000,vm00,V3,1,0,72.0998
212,525000,vm03,V3,1,0,109.4224
213,81000,vm00,V3,1,0,70.1449
214,85000,vm00,V3,1,0,72.0345
215,109000,vm00,V3,1,0,82.9214
216,712500,vm01,V3,1,1,118.4632
217,97000,vm00,V3,1,0,78.9181
218,45000,vm00,V3,1,0,43.3749
219,101000,vm00,V3,1,0,80.4846
220,40000,vm03,V3,1,0,37.7762
221,103000,vm00,V3,1,0,80.5533
222,89000,vm03,V3,1,0,70.6178
223,135000,vm02,V3,1,2,86.4145
224,93000,vm03,V3,1,0,73.7009
225,75000,vm00,V3,1,0,65.7322
226,95000,vm00,V3,1,0,77.2651
227,89000,vm03,V3,1,0,70.7772
228,81000,vm02,V3,1,2,68.6778
229,15000,vm00,V3,1,0,15.5346
230,525000,vm03,V3,1,0,109.6311
231,93000,vm02,V3,1,2,75.7464
232,125000,vm00,V3,1,0,86.5316
233,900000,vm02,V3,1,2,115.8746
234,103000,vm00,V3,1,0,80.4768
235,83000,vm01,V3,1,1,64.4636
236,89000,vm00,V3,1,0,73.8659
237,77000,vm01,V3,1,1,60.5169
238,77000,vm01,V3,1,1,60.4302
239,71000,vm00,V3,1,0,63.2601
240,45000,vm00,V3,1,0,43.6545
241,103000,vm01,V3,1,1,73.4052
242,49000,vm00,V3,1,0,46.9774
243,45000,vm00,V3,1,0,43.5245
244,75000,vm01,V3,1,1,58.196
245,115000,vm03,V3,1,0,81.1045
246,93000,vm00,V3,1,0,77.3873
247,121000,vm01,V3,1,1,79.3445
248,65000,vm00,V3,1,0,61.0286
249,65000,vm03,V3,1,0,57.8121
250,95000,vm00,V3,1,0,77.4194
251,127000,vm01,V3,1,1,80.7779
252,93000,vm03,V3,1,0,73.6532
253,99000,vm00,V3,1,0,79.0567
254,93000,vm03,V3,1,0,73.6991
255,119000,vm01,V3,1,1,79.3567
256,49000,vm00,V3,1,0,47.0033
257,121000,vm03,V3,1,0,81.9913
258,105000,vm00,V3,1,0,81.7999
259,105000,vm01,V3,1,1,75.1065
260,71000,vm02,V3,1,2,61.9144
261,65000,vm03,V3,1,0,57.8492
262,525000,vm00,V3,1,0,110.2036
263,93000,vm01,V3,1,1,70.5109
264,150000,vm02,V3,1,2,87.7669
265,59000,vm03,V3,1,0,52.9394
266,87000,vm03,V3,1,0,70.6563
267,67000,vm01,V3,1,1,53.5252
268,91000,vm01,V3,1,1,68.4945
269,55000,vm02,V3,1,2,51.8891
270,49000,vm03,V3,1,0,43.9597
271,113000,vm03,V3,1,0,80.2247
272,125000,vm02,V3,1,2,85.0274
273,79000,vm01,V3,1,1,62.527
274,97000,vm01,V3,1,1,72.0645
275,83000,vm03,V3,1,0,68.7046
276,83000,vm02,V3,1,2,70.7323
277,900000,vm03,V3,1,0,121.5079
278,65000,vm01,V3,1,1,53.59
279,65000,vm02,V3,1,2,59.7389
280,135000,vm01,V3,1,1,81.7496
281,95000,vm02,V3,1,2,75.7591
282,97000,vm00,V3,1,0,79.031
283,127000,vm02,V3,1,2,85.6247
284,95000,vm00,V3,1,0,77.4565
285,85000,vm01,V3,1,1,64.7855
286,109000,vm00,V3,1,0,82.9816
287,95000,vm01,V3,1,1,70.4833
288,65000,vm02,V3,1,2,59.6278
289,51000,vm02,V3,1,2,49.0933
290,99000,vm01,V3,1,1,72.112
291,111000,vm00,V3,1,0,83.7564
292,73000,vm02,V3,1,2,64.4044
293,121000,vm01,V3,1,1,79.3106
294,87000,vm02,V3,1,2,72.4232
295,73000,vm00,V3,1,0,65.8235
296,105000,vm02,V3,1,2,80.2202
297,85000,vm00,V3,1,0,72.1926
298,101000,vm01,V3,1,1,73.5152
299,127000,vm00,V3,1,0,87.2564
300,85000,vm02,V3,1,2,70.806
301,27500,vm01,V3,1,1,21.9491
302,81000,vm01,V3,1,1,62.59
303,115000,vm02,V3,1,2,83.4719
304,91000,vm00,V3,1,0,75.728
305,103000,vm01,V3,1,1,73.5576
306,900000,vm02,V3,1,2,115.8676
307,123000,vm00,V3,1,0,86.5751
308,103000,vm03,V3,1,0,76.7813
309,73000,vm01,V3,1,1,58.3735
310,45000,vm01,V3,1,1,37.5215
311,65000,vm03,V3,1,0,57.8862
312,127000,vm00,V3,1,0,87.172
313,123000,vm01,V3,1,1,80.2449
314,89000,vm03,V3,1,0,70.8044
315,85000,vm00,V3,1,0,72.3905
316,63000,vm03,V3,1,0,55.2852
317,105000,vm01,V3,1,1,75.1545
318,119000,vm03,V3,1,0,82.0139
319,85000,vm00,V3,1,0,72.285
320,53000,vm01,V3,1,1,43.0201
321,99000,vm00,V3,1,0,79.0873
322,115000,vm01,V3,1,1,78.4145
323,105000,vm03,V3,1,0,77.8625
324,150000,vm00,V3,1,0,89.7958
325,105000,vm01,V3,1,1,75.1233
326,150000,vm03,V3,1,0,85.1157
327,150000,vm01,V3,1,1,82.909
328,123000,vm00,V3,1,0,86.6845
329,77000,vm03,V3,1,0,64.5345
330,900000,vm03,V3,1,0,121.7124
331,71000,vm00,V3,1,0,63.5444
332,150000,vm01,V3,1,1,82.9231
333,51000,vm00,V3,1,0,50.2979
334,65000,vm02,V3,1,2,59.7457
335,95000,vm00,V3,1,0,77.548
336,115000,vm01,V3,1,1,78.5745
337,99000,vm02,V3,1,2,77.3832
338,121000,vm00,V3,1,0,85.8493
339,95000,vm02,V3,1,2,75.8263
340,135000,vm01,V3,1,1,81.787
341,49000,vm00,V3,1,0,47.3669
342,40000,vm02,V3,1,2,39.6458
343,129000,vm00,V3,1,0,87.8444
344,85000,vm02,V3,1,2,70.9283
345,712500,vm01,V3,1,1,118.6513
346,85000,vm02,V3,1,2,70.8921
347,27500,vm00,V3,1,0,26.3645
348,712500,vm00,V3,1,0,117.2096
349,59000,vm02,V3,1,2,54.9362
350,121000,vm02,V3,1,2,84.3934
351,61000,vm02,V3,1,2,57.4676
352,91000,vm02,V3,1,2,74.2661
353,61000,vm03,V3,1,0,55.5791
354,81000,vm02,V3,1,2,68.9442
355,712500,vm03,V3,1,0,117.2545
356,117000,vm02,V3,1,2,83.4645
357,129000,vm02,V3,1,2,86.1045
358,109000,vm01,V3,1,1,76.3246
359,40000,vm01,V3,1,1,34.4199
360,121000,vm02,V3,1,2,84.4563
361,101000,vm00,V3,1,0,80.7004
362,525000,vm01,V3,1,1,108.5972
363,125000,vm02,V3,1,2,85.1178
364,59000,vm00,V3,1,0,56.1699
365,40000,vm00,V3,1,0,40.9657
366,99000,vm00,V3,1,0,79.193
367,40000,vm02,V3,1,2,39.7188
368,59000,vm02,V3,1,2,54.7862
369,99000,vm00,V3,1,0,79.2253
370,525000,vm02,V3,1,2,105.1608
371,49000,vm00,V3,1,0,47.4414
372,337500,vm03,V3,1,0,98.1948
373,73000,vm00,V3,1,0,66.1245
374,45000,vm00,V3,1,0,44.0493
375,85000,vm01,V3,1,1,64.9102
376,150000,vm00,V3,1,0,89.8534
377,127000,vm01,V3,1,1,80.8341
378,135000,vm00,V3,1,0,88.2524
379,111000,vm03,V3,1,0,80.2572
380,79000,vm01,V3,1,1,62.7345
381,105000,vm01,V3,1,1,75.2449
382,117000,vm02,V3,1,2,83.5329
383,113000,vm00,V3,1,0,83.9569
384,113000,vm03,V3,1,0,80.303
385,75000,vm01,V3,1,1,58.5501
386,91000,vm00,V3,1,0,76.035
387,117000,vm02,V3,1,2,83.6241
388,95000,vm03,V3,1,0,74.0099
389,99000,vm01,V3,1,1,72.3004
390,111000,vm00,V3,1,0,83.9347
391,121000,vm03,V3,1,0,82.1281
392,115000,vm02,V3,1,2,83.6382
393,79000,vm01,V3,1,1,62.5846
394,109000,vm00,V3,1,0,83.0531
395,47000,vm03,V3,1,0,44.2485
396,135000,vm01,V3,1,1,81.7645
397,47000,vm02,V3,1,2,46.2349
398,89000,vm03,V3,1,0,71.0177
399,81000,vm02,V3,1,2,69.1266
400,95000,vm00,V3,1,0,77.6869
401,89000,vm03,V3,1,0,70.9256
402,525000,vm01,V3,1,1,109.2517
403,117000,vm02,V3,1,2,83.5761
404,93000,vm00,V3,1,0,77.5688
405,119000,vm03,V3,1,0,82.0073
406,85000,vm02,V3,1,2,71.1023
407,121000,vm00,V3,1,0,85.7855
408,81000,vm02,V3,1,2,68.9715
409,87000,vm03,V3,1,0,71.0198
410,85000,vm00,V3,1,0,72.5635
411,135000,vm02,V3,1,2,86.5546
412,135000,vm03,V3,1,0,83.8565
413,129000,vm00,V3,1,0,87.8877
414,67000,vm02,V3,1,2,60.1396
415,27500,vm03,V3,1,0,24.8334
416,59000,vm03,V3,1,0,53.1169
417,40000,vm00,V3,1,0,41.0854
418,83000,vm02,V3,1,2,71.1347
419,71000,vm00,V3,1,0,63.898
420,75000,vm03,V3,1,0,62.5007
421,125000,vm01,V3,1,1,80.3541
422,53000,vm02,V3,1,2,49.5048
423,47000,vm00,V3,1,0,47.6046
424,79000,vm03,V3,1,0,66.7862
425,83000,vm02,V3,1,2,71.0348
426,83000,vm00,V3,1,0,72.4445
427,53000,vm01,V3,1,1,43.3002
428,99000,vm03,V3,1,0,75.5891
429,127000,vm01,V3,1,1,80.9349
430,109000,vm02,V3,1,2,81.5692
431,83000,vm00,V3,1,0,72.5964
432,89000,vm03,V3,1,0,70.9648
433,77000,vm00,V3,1,0,68.5346
434,123000,vm02,V3,1,2,85.1671
435,712500,vm01,V3,1,1,118.6045
436,89000,vm03,V3,1,0,70.8678
437,121000,vm00,V3,1,0,85.8522
438,61000,vm02,V3,1,2,57.7486
439,337500,vm03,V3,1,0,98.2431
440,27500,vm00,V3,1,0,26.6645
441,712500,vm02,V3,1,2,111.215
442,117000,vm00,V3,1,0,84.984
443,87000,vm00,V3,1,0,74.3575
444,712500,vm00,V3,1,0,117.1379
445,712500,vm03,V3,1,0,117.2709
446,150000,vm01,V3,1,1,83.0845
447,121000,vm01,V3,1,1,79.4745
448,67000,vm02,V3,1,2,60.1763
449,93000,vm02,V3,1,2,76.0348
450,107000,vm01,V3,1,1,75.435
451,121000,vm02,V3,1,2,84.5098
452,115000,vm01,V3,1,1,78.6745
453,109000,vm00,V3,1,0,83.1256
454,900000,vm02,V3,1,2,115.6985
455,101000,vm03,V3,1,0,76.8093
456,79000,vm01,V3,1,1,62.886
457,101000,vm00,V3,1,0,80.7287
458,91000,vm03,V3,1,0,72.5946
459,15000,vm01,V3,1,1,13.6967
460,97000,vm01,V3,1,1,72.2915
461,67000,vm00,V3,1,0,61.6155
462,59000,vm03,V3,1,0,53.2636
463,53000,vm00,V3,1,0,50.81
464,67000,vm01,V3,1,1,54.171
465,55000,vm03,V3,1,0,50.4507
466,63000,vm00,V3,1,0,59.198
467,81000,vm01,V3,1,1,62.9212
468,117000,vm03,V3,1,0,81.4795
469,61000,vm00,V3,1,0,59.1945
470,40000,vm01,V3,1,1,34.824
471,111000,vm00,V3,1,0,83.9598
472,101000,vm01,V3,1,1,73.8251
473,113000,vm03,V3,1,0,80.4142
474,67000,vm00,V3,1,0,61.629
475,900000,vm01,V3,1,1,121.159
476,65000,vm03,V3,1,0,58.2137
477,55000,vm00,V3,1,0,53.8813
478,87000,vm03,V3,1,0,71.1207
479,107000,vm00,V3,1,0,82.079
480,121000,vm03,V3,1,0,82.0931
481,65000,vm00,V3,1,0,61.6646
482,65000,vm00,V3,1,0,61.6226
483,101000,vm03,V3,1,0,76.7944
484,119000,vm00,V3,1,0,85.9203
485,59000,vm02,V3,1,2,55.204
486,99000,vm03,V3,1,0,75.5872
487,51000,vm02,V3,1,2,49.6832
488,81000,vm00,V3,1,0,70.8663
489,119000,vm02,V3,1,2,84.5745
490,15000,vm03,V3,1,0,15.1631
491,125000,vm03,V3,1,0,82.7185
492,59000,vm00,V3,1,0,56.6921
493,77000,vm02,V3,1,2,67.0045
494,83000,vm00,V3,1,0,72.6252
495,79000,vm03,V3,1,0,66.8307
496,95000,vm02,V3,1,2,76.1257
497,53000,vm00,V3,1,0,51.0445
498,77000,vm03,V3,1,0,65.2464
499,79000,vm00,V3,1,0,70.8345
500,93000,vm02,V3,1,2,76.0679
501,87000,vm03,V3,1,0,71.0147
502,67000,vm00,V3,1,0,61.7957
503,95000,vm02,V3,1,2,76.2046
504,67000,vm03,V3,1,0,58.317
505,117000,vm00,V3,1,0,84.9451
506,85000,vm01,V3,1,1,65.3744
507,525000,vm03,V3,1,0,109.4801
508,111000,vm02,V3,1,2,82.7645
509,79000,vm01,V3,1,1,62.8754
510,91000,vm00,V3,1,0,76.2395
511,73000,vm01,V3,1,1,58.8145
512,47000,vm02,V3,1,2,46.5755
513,95000,vm00,V3,1,0,77.841
514,65000,vm02,V3,1,2,60.1585
515,91000,vm01,V3,1,1,68.9224
516,65000,vm02,V3,1,2,60.1493
517,49000,vm00,V3,1,0,48.0145
518,91000,vm01,V3,1,1,68.9143
519,103000,vm00,V3,1,0,80.9212
520,113000,vm02,V3,1,2,82.8845
521,109000,vm01,V3,1,1,76.5661
522,40000,vm00,V3,1,0,41.4336
523,99000,vm02,V3,1,2,77.6516
524,101000,vm00,V3,1,0,81.0145
525,121000,vm01,V3,1,1,79.6351
526,109000,vm02,V3,1,2,81.8146
527,119000,vm03,V3,1,0,82.141
528,111000,vm00,V3,1,0,84.0613
529,67000,vm01,V3,1,1,54.0754
530,900000,vm02,V3,1,2,115.9219
531,85000,vm03,V3,1,0,69.1759
532,119000,vm00,V3,1,0,85.918
533,105000,vm01,V3,1,1,75.4048
534,27500,vm03,V3,1,0,25.1387
535,75000,vm03,V3,1,0,62.7846
536,115000,vm00,V3,1,0,85.0145
537,65000,vm01,V3,1,1,54.1892
538,55000,vm03,V3,1,0,50.5502
539,101000,vm01,V3,1,1,73.9847
540,125000,vm03,V3,1,0,82.688
541,121000,vm00,V3,1,0,85.8224
542,119000,vm01,V3,1,1,79.6564
543,63000,vm00,V3,1,0,59.4303
544,65000,vm03,V3,1,0,58.4574
545,115000,vm01,V3,1,1,78.6246
546,45000,vm00,V3,1,0,44.7105
547,113000,vm03,V3,1,0,80.5246
548,65000,vm00,V3,1,0,61.7643
549,900000,vm01,V3,1,1,120.9532
550,77000,vm00,V3,1,0,68.7871
551,79000,vm03,V3,1,0,67.0616
552,123000,vm00,V3,1,0,86.6958
553,53000,vm03,V3,1,0,47.7825
554,125000,vm03,V3,1,0,82.7202
555,55000,vm00,V3,1,0,54.164
556,111000,vm00,V3,1,0,84.0649
557,55000,vm03,V3,1,0,50.6348
558,107000,vm03,V3,1,0,78.1749
559,65000,vm02,V3,1,2,60.2375
560,125000,vm00,V3,1,0,86.7135
561,65000,vm02,V3,1,2,60.2807
562,61000,vm03,V3,1,0,55.978
563,40000,vm02,V3,1,2,40.2446
564,125000,vm03,V3,1,0,82.7129
565,63000,vm00,V3,1,0,59.5188
566,51000,vm02,V3,1,2,49.7615
567,89000,vm00,V3,1,0,74.5438
568,83000,vm02,V3,1,2,71.3507
569,117000,vm03,V3,1,0,81.542
570,27500,vm00,V3,1,0,27.2418
571,129000,vm02,V3,1,2,86.2029
572,113000,vm00,V3,1,0,84.1341
573,61000,vm03,V3,1,0,56.0265
574,150000,vm02,V3,1,2,87.9647
575,71000,vm00,V3,1,0,64.2643
576,93000,vm03,V3,1,0,74.1534
577,65000,vm00,V3,1,0,61.9246
578,525000,vm03,V3,1,0,109.7874
579,117000,vm01,V3,1,1,78.7994
580,95000,vm00,V3,1,0,78.0416
581,105000,vm02,V3,1,2,80.5085
582,59000,vm01,V3,1,1,49.0645
583,97000,vm00,V3,1,0,79.611
584,111000,vm02,V3,1,2,82.9116
585,93000,vm01,V3,1,1,70.8646
586,150000,vm00,V3,1,0,89.8417
587,15000,vm02,V3,1,2,16.0585
588,59000,vm02,V3,1,2,55.428
589,79000,vm01,V3,1,1,63.1374
590,89000,vm02,V3,1,2,72.9992
591,525000,vm01,V3,1,1,109.1655
592,83000,vm00,V3,1,0,72.8563
593,91000,vm02,V3,1,2,74.7308
594,83000,vm00,V3,1,0,72.9146
595,49000,vm02,V3,1,2,46.7375
596,87000,vm03,V3,1,0,71.3451
597,27500,vm00,V3,1,0,27.2635
598,15000,vm02,V3,1,2,16.0948
599,111000,vm00,V3,1,0,84.1397
600,79000,vm02,V3,1,2,69.3646
601,83000,vm03,V3,1,0,69.3998
602,53000,vm02,V3,1,2,49.826
603,27500,vm00,V3,1,0,27.4062
604,113000,vm03,V3,1,0,80.5847
605,97000,vm00,V3,1,0,79.6245
606,61000,vm02,V3,1,2,58.0274
607,119000,vm02,V3,1,2,84.5445
608,87000,vm03,V3,1,0,71.4526
609,91000,vm00,V3,1,0,76.3781
610,45000,vm01,V3,1,1,37.9473
611,103000,vm03,V3,1,0,76.9931
612,59000,vm02,V3,1,2,55.5022
613,65000,vm00,V3,1,0,61.9856
614,111000,vm01,V3,1,1,77.692
615,55000,vm02,V3,1,2,53.0191
616,103000,vm00,V3,1,0,81.0746
617,117000,vm03,V3,1,0,81.5884
618,109000,vm02,V3,1,2,81.7508
619,99000,vm01,V3,1,1,72.4445
620,121000,vm00,V3,1,0,85.9745
621,59000,vm03,V3,1,0,53.7389
622,113000,vm02,V3,1,2,82.8677
623,111000,vm01,V3,1,1,77.6811
624,111000,vm03,V3,1,0,80.5853
625,900000,vm00,V3,1,0,120.9867
626,337500,vm02,V3,1,2,98.0583
627,117000,vm01,V3,1,1,78.8577
628,119000,vm03,V3,1,0,82.0679
629,71000,vm01,V3,1,1,56.9101
630,123000,vm03,V3,1,0,82.7498
631,525000,vm01,V3,1,1,108.6743
632,111000,vm03,V3,1,0,80.5516
633,127000,vm02,V3,1,2,85.7383
634,77000,vm03,V3,1,0,65.5079
635,27500,vm02,V3,1,2,26.7338
636,77000,vm03,V3,1,0,65.4489
637,127000,vm02,V3,1,2,85.8006
638,53000,vm03,V3,1,0,48.1445
639,89000,vm03,V3,1,0,71.6168
640,75000,vm02,V3,1,2,65.3417
641,45000,vm02,V3,1,2,43.6046
642,99000,vm03,V3,1,0,75.783
643,127000,vm01,V3,1,1,81.0885
644,87000,vm02,V3,1,2,73.1377
645,45000,vm03,V3,1,0,42.0738
646,101000,vm02,V3,1,2,79.2988
647,101000,vm03,V3,1,0,77.1203
648,49000,vm00,V3,1,0,48.3945
649,99000,vm01,V3,1,1,72.6103
650,127000,vm00,V3,1,0,87.3536
651,49000,vm02,V3,1,2,47.0847
652,77000,vm03,V3,1,0,65.5265
653,135000,vm01,V3,1,1,81.8609
654,150000,vm02,V3,1,2,87.9056
655,47000,vm03,V3,1,0,45.2114
656,525000,vm00,V3,1,0,110.7234
657,63000,vm03,V3,1,0,56.378
658,71000,vm01,V3,1,1,57.0715
659,135000,vm02,V3,1,2,86.7146
660,47000,vm03,V3,1,0,45.1211
661,65000,vm01,V3,1,1,54.3343
662,71000,vm03,V3,1,0,60.9698
663,65000,vm01,V3,1,1,54.3375
664,77000,vm03,V3,1,0,65.6059
665,117000,vm02,V3,1,2,83.7745
666,712500,vm01,V3,1,1,118.6317
667,101000,vm03,V3,1,0,77.1278
668,75000,vm02,V3,1,2,65.427
669,125000,vm03,V3,1,0,82.7877
670,103000,vm02,V3,1,2,79.2634
671,121000,vm03,V3,1,0,82.1631
672,127000,vm02,V3,1,2,85.8599
673,101000,vm00,V3,1,0,81.0969
674,40000,vm00,V3,1,0,41.9745
675,49000,vm03,V3,1,0,45.3148
676,117000,vm02,V3,1,2,83.837
677,129000,vm00,V3,1,0,87.9317
678,55000,vm03,V3,1,0,51.3487
679,47000,vm03,V3,1,0,45.2935
680,63000,vm02,V3,1,2,58.236
681,95000,vm03,V3,1,0,74.3313
682,87000,vm00,V3,1,0,74.7078
683,121000,vm02,V3,1,2,84.6371
684,95000,vm00,V3,1,0,78.1001
685,65000,vm03,V3,1,0,58.8364
686,77000,vm02,V3,1,2,67.3384
687,109000,vm03,V3,1,0,79.5847
688,49000,vm00,V3,1,0,48.5604
689,127000,vm01,V3,1,1,81.0248
690,121000,vm00,V3,1,0,86.0262
691,40000,vm02,V3,1,2,40.622
692,77000,vm03,V3,1,0,65.6488
693,61000,vm02,V3,1,2,58.1581
694,337500,vm01,V3,1,1,96.8324
695,61000,vm02,V3,1,2,58.1967
696,63000,vm03,V3,1,0,56.6147
697,125000,vm00,V3,1,0,86.7778
698,117000,vm02,V3,1,2,83.7465
699,67000,vm03,V3,1,0,58.8644
700,107000,vm03,V3,1,0,78.3826
701,61000,vm00,V3,1,0,59.9125
702,53000,vm02,V3,1,2,50.3126
703,150000,vm00,V3,1,0,89.9221
704,101000,vm02,V3,1,2,79.2394
705,337500,vm03,V3,1,0,98.2016
706,75000,vm01,V3,1,1,59.2045
707,93000,vm02,V3,1,2,76.4595
708,77000,vm00,V3,1,0,69.0345
709,87000,vm01,V3,1,1,67.2523
710,111000,vm02,V3,1,2,82.9245
711,105000,vm00,V3,1,0,82.3601
712,105000,vm01,V3,1,1,75.6145
713,73000,vm00,V3,1,0,66.7853
714,117000,vm02,V3,1,2,83.9178
715,53000,vm01,V3,1,1,43.9245
716,105000,vm03,V3,1,0,78.3975
717,135000,vm00,V3,1,0,88.3631
718,61000,vm01,V3,1,1,52.1487
719,67000,vm02,V3,1,2,60.5947
720,51000,vm03,V3,1,0,48.5211
721,49000,vm01,V3,1,1,41.278
722,81000,vm02,V3,1,2,69.6351
723,95000,vm03,V3,1,0,74.5128
724,129000,vm01,V3,1,1,81.5287
725,65000,vm00,V3,1,0,62.1723
726,81000,vm02,V3,1,2,69.7095
727,53000,vm00,V3,1,0,51.8888
728,109000,vm03,V3,1,0,79.6264
729,150000,vm00,V3,1,0,89.8895
730,119000,vm01,V3,1,1,79.7484
731,63000,vm02,V3,1,2,58.3708
732,109000,vm03,V3,1,0,79.7418
733,337500,vm02,V3,1,2,97.9645
734,15000,vm01,V3,1,1,14.3345
735,129000,vm01,V3,1,1,81.5248
736,95000,vm00,V3,1,0,78.1506
737,101000,vm03,V3,1,0,77.3122
738,125000,vm00,V3,1,0,86.7847
739,63000,vm01,V3,1,1,52.1783
740,105000,vm03,V3,1,0,78.4375
741,95000,vm01,V3,1,1,71.2002
742,15000,vm00,V3,1,0,17.4347
743,125000,vm00,V3,1,0,86.8373
744,77000,vm03,V3,1,0,65.7436
745,65000,vm02,V3,1,2,60.5953
746,93000,vm01,V3,1,1,71.2457
747,150000,vm03,V3,1,0,85.1576
748,77000,vm02,V3,1,2,67.5501
749,135000,vm00,V3,1,0,88.4294
750,49000,vm01,V3,1,1,41.4353
751,49000,vm02,V3,1,2,47.5895
752,45000,vm01,V3,1,1,38.2914
753,119000,vm02,V3,1,2,84.6461
754,712500,vm01,V3,1,1,118.5379
755,79000,vm03,V3,1,0,67.6554
756,91000,vm00,V3,1,0,76.6158
757,150000,vm03,V3,1,0,85.3549
758,77000,vm02,V3,1,2,67.5945
759,67000,vm00,V3,1,0,62.3079
760,67000,vm00,V3,1,0,62.3906
761,119000,vm02,V3,1,2,84.6748
762,83000,vm03,V3,1,0,69.9067
763,40000,vm00,V3,1,0,42.0755
764,87000,vm00,V3,1,0,75.0804
765,81000,vm02,V3,1,2,69.8367
766,113000,vm03,V3,1,0,80.6748
767,93000,vm00,V3,1,0,78.2249
768,81000,vm02,V3,1,2,69.6744
769,135000,vm03,V3,1,0,84.0963
770,51000,vm00,V3,1,0,51.9684
771,81000,vm02,V3,1,2,69.747
772,712500,vm00,V3,1,0,117.2404
773,337500,vm02,V3,1,2,98.1247
774,59000,vm03,V3,1,0,54.0714
775,115000,vm03,V3,1,0,81.6371
776,119000,vm01,V3,1,1,79.7933
777,900000,vm03,V3,1,0,121.6894
778,117000,vm01,V3,1,1,79.0131
779,115000,vm02,V3,1,2,83.8148
780,93000,vm01,V3,1,1,71.3564
781,49000,vm02,V3,1,2,47.4913
782,81000,vm01,V3,1,1,63.3758
783,79000,vm02,V3,1,2,69.8412
784,93000,vm01,V3,1,1,71.2854
785,45000,vm02,V3,1,2,44.1761
786,51000,vm02,V3,1,2,50.5722
787,79000,vm01,V3,1,1,63.3697
788,73000,vm02,V3,1,2,65.6751
789,712500,vm00,V3,1,0,117.2813
790,87000,vm01,V3,1,1,67.3911
791,125000,vm02,V3,1,2,85.4309
792,95000,vm01,V3,1,1,71.4045
793,129000,vm02,V3,1,2,86.3124
794,81000,vm01,V3,1,1,63.4512
795,53000,vm02,V3,1,2,50.7146
796,87000,vm01,V3,1,1,67.3282
797,103000,vm02,V3,1,2,79.4765
798,135000,vm03,V3,1,0,84.1253
799,73000,vm01,V3,1,1,59.3202
800,111000,vm02,V3,1,2,83.0011
801,99000,vm01,V3,1,1,72.8445
802,91000,vm03,V3,1,0,73.1181
803,111000,vm01,V3,1,1,77.867
804,53000,vm02,V3,1,2,50.5479
805,125000,vm03,V3,1,0,82.926
806,900000,vm02,V3,1,2,116.0328
807,27500,vm01,V3,1,1,23.5247
808,55000,vm00,V3,1,0,54.6992
809,79000,vm01,V3,1,1,63.3859
810,95000,vm03,V3,1,0,74.6393
811,900000,vm00,V3,1,0,121.0691
812,71000,vm01,V3,1,1,57.3837
813,85000,vm03,V3,1,0,69.8649
814,115000,vm01,V3,1,1,78.8571
815,71000,vm03,V3,1,0,61.2393
816,101000,vm01,V3,1,1,74.4145
817,27500,vm03,V3,1,0,26.1448
818,75000,vm03,V3,1,0,63.5544
819,135000,vm01,V3,1,1,81.8946
820,81000,vm03,V3,1,0,67.8725
821,115000,vm03,V3,1,0,81.6464
822,75000,vm01,V3,1,1,59.4489
823,712500,vm01,V3,1,1,118.6645
824,125000,vm03,V3,1,0,82.8245
825,109000,vm03,V3,1,0,79.8455
826,79000,vm03,V3,1,0,67.8806
827,95000,vm02,V3,1,2,76.6413
828,101000,vm03,V3,1,0,77.4039
829,150000,vm02,V3,1,2,87.9615
830,49000,vm00,V3,1,0,49.0438
831,55000,vm00,V3,1,0,54.6556
832,107000,vm03,V3,1,0,78.5298
833,81000,vm00,V3,1,0,71.4644
834,89000,vm02,V3,1,2,73.466
835,900000,vm03,V3,1,0,121.6967
836,99000,vm00,V3,1,0,79.9551
837,113000,vm02,V3,1,2,82.9982
838,91000,vm00,V3,1,0,76.6463
839,71000,vm02,V3,1,2,63.3645
840,47000,vm01,V3,1,1,41.5744
841,61000,vm00,V3,1,0,60.2084
842,65000,vm01,V3,1,1,54.8745
843,73000,vm02,V3,1,2,65.7145
844,85000,vm00,V3,1,0,73.2318
845,107000,vm01,V3,1,1,75.7164
846,65000,vm02,V3,1,2,60.8445
847,83000,vm00,V3,1,0,73.2547
848,79000,vm02,V3,1,2,69.8745
849,75000,vm01,V3,1,1,59.6956
850,115000,vm00,V3,1,0,85.27
851,123000,vm02,V3,1,2,85.3548
852,81000,vm01,V3,1,1,63.5111
853,49000,vm01,V3,1,1,41.7779
854,79000,vm00,V3,1,0,71.4738
855,900000,vm02,V3,1,2,116.0867
856,67000,vm01,V3,1,1,54.843
857,103000,vm00,V3,1,0,81.3248
858,85000,vm01,V3,1,1,65.7812
859,900000,vm00,V3,1,0,121.1654
860,115000,vm01,V3,1,1,78.9247
861,55000,vm01,V3,1,1,47.0345
862,53000,vm03,V3,1,0,49.025
863,85000,vm01,V3,1,1,65.6984
864,49000,vm03,V3,1,0,45.798
865,119000,vm03,V3,1,0,82.439
866,93000,vm01,V3,1,1,71.4261
867,127000,vm01,V3,1,1,81.1804
868,109000,vm03,V3,1,0,79.8546
869,900000,vm03,V3,1,0,121.6007
870,51000,vm01,V3,1,1,44.4725
871,119000,vm01,V3,1,1,79.7945
872,89000,vm01,V3,1,1,67.7146
873,117000,vm02,V3,1,2,84.0446
874,85000,vm01,V3,1,1,65.8631
875,109000,vm01,V3,1,1,76.8946
876,71000,vm02,V3,1,2,63.2473
877,49000,vm00,V3,1,0,49.035
878,337500,vm02,V3,1,2,98.0176
879,87000,vm01,V3,1,1,67.5146
880,337500,vm00,V3,1,0,100.34
881,109000,vm01,V3,1,1,76.9056
882,121000,vm01,V3,1,1,79.88
883,59000,vm02,V3,1,2,56.2587
884,101000,vm01,V3,1,1,74.4322
885,83000,vm00,V3,1,0,73.2446
886,75000,vm02,V3,1,2,65.7575
887,27500,vm01,V3,1,1,23.9238
888,150000,vm00,V3,1,0,89.8663
889,47000,vm01,V3,1,1,41.9561
890,900000,vm03,V3,1,0,121.6025
891,71000,vm02,V3,1,2,63.4885
892,111000,vm01,V3,1,1,78.0545
893,73000,vm02,V3,1,2,65.8354
894,15000,vm00,V3,1,0,17.7646
895,79000,vm02,V3,1,2,70.0582
896,99000,vm00,V3,1,0,79.9754
897,71000,vm01,V3,1,1,57.5959
898,127000,vm02,V3,1,2,86.0036
899,119000,vm01,V3,1,1,79.8048
900,55000,vm00,V3,1,0,54.8846
901,525000,vm00,V3,1,0,110.5935
902,97000,vm01,V3,1,1,73.0055
903,525000,vm02,V3,1,2,105.6078
904,91000,vm01,V3,1,1,69.6458
905,125000,vm01,V3,1,1,80.7253
906,59000,vm01,V3,1,1,50.0168
907,103000,vm01,V3,1,1,74.5311
908,51000,vm01,V3,1,1,44.5236
909,93000,vm00,V3,1,0,78.4578
910,113000,vm01,V3,1,1,77.9882
911,67000,vm02,V3,1,2,61.193
912,115000,vm03,V3,1,0,81.8075
913,73000,vm00,V3,1,0,67.1586
914,129000,vm02,V3,1,2,86.3576
915,63000,vm01,V3,1,1,52.8338
916,89000,vm00,V3,1,0,75.1825
917,150000,vm03,V3,1,0,85.2835
918,103000,vm01,V3,1,1,74.6522
919,129000,vm02,V3,1,2,86.3753
920,135000,vm00,V3,1,0,88.4785
921,40000,vm01,V3,1,1,36.4211
922,89000,vm03,V3,1,0,71.96
923,63000,vm01,V3,1,1,52.8745
924,127000,vm02,V3,1,2,86.0259
925,105000,vm00,V3,1,0,82.5894
926,107000,vm03,V3,1,0,78.797
927,99000,vm01,V3,1,1,73.0464
928,65000,vm00,V3,1,0,62.5229
929,95000,vm02,V3,1,2,76.6608
930,103000,vm01,V3,1,1,74.6182
931,89000,vm03,V3,1,0,71.962
932,55000,vm00,V3,1,0,54.8237
933,93000,vm02,V3,1,2,76.6645
934,45000,vm00,V3,1,0,46.0544
935,85000,vm03,V3,1,0,70.0779
936,119000,vm01,V3,1,1,79.9245
937,47000,vm00,V3,1,0,49.2269
938,55000,vm02,V3,1,2,53.6993
939,129000,vm00,V3,1,0,88.0864
940,40000,vm03,V3,1,0,39.9344
941,103000,vm02,V3,1,2,79.7187
942,49000,vm03,V3,1,0,46.0838
943,119000,vm01,V3,1,1,79.9508
944,55000,vm03,V3,1,0,51.8999
945,51000,vm00,V3,1,0,52.355
946,83000,vm02,V3,1,2,71.887
947,15000,vm03,V3,1,0,16.5679
948,93000,vm03,V3,1,0,74.9391
949,712500,vm01,V3,1,1,118.6228
950,87000,vm00,V3,1,0,75.1062
951,105000,vm02,V3,1,2,81.1204
952,85000,vm03,V3,1,0,70.2284
953,63000,vm00,V3,1,0,60.3254
954,71000,vm00,V3,1,0,65.1384
955,49000,vm02,V3,1,2,48.1891
956,79000,vm03,V3,1,0,68.0138
957,115000,vm02,V3,1,2,84.0464
958,121000,vm00,V3,1,0,86.2841
959,97000,vm03,V3,1,0,76.2645
960,127000,vm02,V3,1,2,86.0189
961,129000,vm03,V3,1,0,83.6746
962,109000,vm00,V3,1,0,83.5346
963,49000,vm02,V3,1,2,48.1609
964,105000,vm00,V3,1,0,82.5645
965,45000,vm03,V3,1,0,43.1572
966,95000,vm02,V3,1,2,76.735
967,712500,vm03,V3,1,0,117.5404
968,900000,vm00,V3,1,0,120.9146
969,65000,vm02,V3,1,2,61.3746
970,45000,vm02,V3,1,2,44.7705
971,119000,vm02,V3,1,2,84.7505
972,113000,vm01,V3,1,1,78.0347
973,900000,vm01,V3,1,1,120.9414
974,127000,vm02,V3,1,2,85.9954
975,135000,vm02,V3,1,2,86.8225
976,77000,vm02,V3,1,2,68.037
977,97000,vm02,V3,1,2,78.4144
978,77000,vm03,V3,1,0,66.1025
979,103000,vm02,V3,1,2,79.8914
980,900000,vm03,V3,1,0,121.6597
981,113000,vm02,V3,1,2,83.1997
982,135000,vm00,V3,1,0,88.6594
983,59000,vm02,V3,1,2,56.5545
984,127000,vm02,V3,1,2,86.0382
985,135000,vm00,V3,1,0,88.5645
986,47000,vm02,V3,1,2,48.1163
987,15000,vm02,V3,1,2,17.3907
988,81000,vm01,V3,1,1,64.0202
989,59000,vm02,V3,1,2,56.5493
990,101000,vm00,V3,1,0,81.4532
991,81000,vm02,V3,1,2,70.2317
992,97000,vm01,V3,1,1,73.0484
993,900000,vm00,V3,1,0,121.0328
994,65000,vm02,V3,1,2,61.3563
995,75000,vm01,V3,1,1,60.0057
996,123000,vm02,V3,1,2,85.5594
997,337500,vm01,V3,1,1,96.8746
998,97000,vm02,V3,1,2,78.2777
999,73000,vm02,V3,1,2,66.0487
